User ID,Persona,Age Group,Region,Join Date,User Funnel,Mood Before,Mood After,Silent Scroll Rate,Design Pause Time (s),Thumbnail CTR,Search Bar CTR,App Load Time (ms),Recommendation Accuracy,App Downtime (hrs),Storage Used (GB),Onboarding Completion Rate,Mood Interaction Rate,Top Clicked Module,Rewatches,Skips,Total Downloads,Total Deletions,Support Requests,Return Frequency,Cohort Retention,Daily Active,Monthly Active,Unique Viewer,1+ Min Viewer,Content Completion Rate (%),Total Watchtime (min),Content Depth Score,Festival Usage,Most Watched Video
1,Seeker,18-25,Mumbai,2025-04-15,Onboarded → Watched Content → Completed Content,Calm,Uplifted,0.46,8.19,0.12,0.49,1433.8,0.64,0.54,1.47,0.77,0.84,Daily Reflection,5,0,0,0,0,1,0.47,True,False,True,True,52.15,89.0,0.68,Paryushan,Vachanamrut 101
2,Corporate,18-25,Bangalore,2025-05-04,Onboarded → Watched Content → Completed Content → Reflected → Bookmarked,Neutral,Confused,0.84,3.8,0.48,0.23,1443.4,0.8,0.25,3.04,0.72,0.44,Daily Reflection,0,3,0,0,2,5,0.53,True,True,True,True,63.57,86.2,0.34,,Bhakti Flow
3,Corporate,46-60,Bangalore,2025-06-07,Onboarded → Watched Content → Completed Content → Reflected → Bookmarked,Anxious,Confused,0.4,8.41,0.16,0.21,619.1,0.78,2.79,3.34,0.96,0.31,Daily Reflection,3,0,1,0,2,1,0.34,False,False,True,False,78.18,176.2,0.9,,Jeevan Kya Chhe?
4,Mumukshu,26-35,Delhi,2025-06-23,Onboarded → Watched Content → Completed Content → Reflected → Bookmarked,Anxious,Confused,0.36,7.22,0.33,0.11,1138.7,0.95,1.46,0.58,0.81,0.78,Daily Reflection,1,1,0,1,2,6,0.54,False,False,True,False,75.48,46.8,0.39,,Samaysaar Explained
5,Corporate,46-60,Ahmedabad,2025-02-17,Onboarded → Watched Content → Completed Content,Neutral,Calm,0.44,5.14,0.4,0.18,813.6,0.93,1.0,1.07,0.99,0.71,Daily Reflection,3,1,1,0,0,6,0.34,False,False,True,False,95.16,108.6,0.99,,Jeevan Kya Chhe?
6,Seeker,36-45,Pune,2025-06-05,Onboarded → Watched Content,Neutral,Uplifted,0.1,1.94,0.25,0.21,1248.9,0.78,2.49,2.78,0.84,0.57,Daily Reflection,5,0,0,0,0,2,0.6,True,False,True,True,50.41,179.3,0.77,Paryushan,Bhakti Flow
7,Seeker,26-35,Ahmedabad,2025-04-21,Onboarded → Watched Content → Completed Content → Reflected,Neutral,Uplifted,0.95,6.99,0.5,0.37,1042.5,0.95,1.89,4.32,0.91,0.57,Daily Reflection,5,0,1,1,1,8,0.45,False,True,True,False,61.04,83.1,0.49,,Bhakti Flow
8,Seeker,26-35,Pune,2025-01-13,Onboarded → Watched Content,Calm,Uplifted,0.44,6.15,0.19,0.3,1103.9,0.8,1.87,1.66,0.61,0.6,Bhakti Journal,4,1,0,1,1,4,0.23,True,False,True,False,59.72,41.6,0.57,,Samaysaar Explained
9,Corporate,18-25,Mumbai,2025-05-12,Onboarded → Watched Content → Completed Content → Reflected → Bookmarked,Neutral,Uplifted,0.59,1.7,0.5,0.07,1076.4,0.62,0.59,2.42,0.76,0.31,Mindfulness Tracker,3,0,0,1,1,9,0.64,False,True,True,True,81.82,117.4,0.78,Paryushan,Vachanamrut 101
10,Seeker,18-25,Delhi,2025-02-22,Onboarded → Watched Content,Anxious,Uplifted,0.14,10.18,0.51,0.08,1428.8,0.67,2.31,3.74,0.84,0.33,Daily Reflection,0,2,1,1,0,7,0.28,False,False,True,False,58.02,127.7,0.44,,Bhakti Flow
11,Corporate,26-35,Delhi,2025-02-01,Onboarded → Watched Content → Completed Content,Neutral,Uplifted,0.78,12.53,0.25,0.4,1443.9,0.85,2.59,0.72,0.74,0.36,Mindfulness Tracker,3,0,0,0,2,9,0.64,True,True,True,True,96.93,103.4,0.85,,Bhakti Flow
12,Mumukshu,46-60,Pune,2025-01-09,Onboarded,Neutral,Calm,0.08,4.97,0.42,0.39,1167.1,0.68,2.29,1.75,0.9,0.54,Bhakti Journal,4,2,1,1,0,6,0.74,False,True,True,True,89.16,44.2,0.71,,Bhakti Flow
13,Corporate,18-25,Bangalore,2025-03-25,Onboarded → Watched Content → Completed Content → Reflected → Bookmarked,Anxious,Uplifted,0.45,1.03,0.56,0.05,810.7,0.94,2.06,4.85,0.91,0.62,Bhakti Journal,5,3,1,0,0,6,0.27,False,True,True,False,60.47,174.7,0.31,,Samaysaar Explained
14,Mumukshu,46-60,Ahmedabad,2025-05-18,Onboarded → Watched Content,Anxious,Calm,0.92,9.64,0.48,0.1,1294.0,0.92,1.01,0.94,0.79,0.31,Bhakti Journal,1,1,0,0,0,8,0.85,False,False,True,False,77.09,164.7,0.68,,Jeevan Kya Chhe?
15,Mumukshu,36-45,Delhi,2025-01-26,Onboarded → Watched Content → Completed Content → Reflected,Calm,Confused,0.79,8.29,0.23,0.08,1166.4,0.96,0.99,3.92,0.72,0.9,Seva Calendar,1,2,0,1,1,7,0.71,True,True,True,True,94.13,136.5,0.6,Paryushan,Samaysaar Explained
16,Seeker,36-45,Pune,2025-02-10,Onboarded → Watched Content → Completed Content,Anxious,Confused,0.28,5.24,0.38,0.25,609.0,0.67,0.92,4.32,0.76,0.6,Mindfulness Tracker,3,0,0,0,1,6,0.74,True,False,True,True,78.32,152.2,0.39,,Samaysaar Explained
17,Corporate,26-35,Pune,2025-01-08,Onboarded → Watched Content → Completed Content,Anxious,Confused,0.09,11.4,0.16,0.2,879.4,0.86,1.96,3.79,0.66,0.48,Mindfulness Tracker,2,3,1,1,0,5,0.65,False,True,True,True,88.37,137.6,0.67,,Jeevan Kya Chhe?
18,Mumukshu,26-35,Bangalore,2025-06-28,Onboarded → Watched Content,Calm,Calm,0.28,5.04,0.36,0.33,1123.4,0.6,1.41,4.62,0.82,0.53,Daily Reflection,0,2,1,1,2,1,0.45,False,False,True,True,95.27,36.1,0.87,,Bhakti Flow
19,Corporate,18-25,Pune,2025-04-13,Onboarded → Watched Content,Neutral,Confused,0.85,10.18,0.13,0.23,617.2,0.64,2.72,1.05,0.95,0.42,Daily Reflection,2,1,1,0,0,2,0.22,False,False,True,False,71.76,30.7,0.32,,Samaysaar Explained
20,Corporate,46-60,Delhi,2025-06-10,Onboarded → Watched Content,Neutral,Calm,0.94,4.54,0.58,0.15,949.2,0.96,2.0,0.68,0.69,0.86,Daily Reflection,1,1,1,0,2,8,0.22,False,True,True,True,86.57,91.3,0.61,,Jeevan Kya Chhe?
21,Seeker,26-35,Ahmedabad,2025-01-02,Onboarded → Watched Content → Completed Content → Reflected,Calm,Confused,0.61,2.45,0.11,0.39,872.6,0.83,1.32,1.71,0.89,0.59,Mindfulness Tracker,5,3,1,0,0,3,0.5,False,True,True,True,88.78,69.0,0.79,,Bhakti Flow
22,Mumukshu,18-25,Mumbai,2025-06-02,Onboarded,Calm,Calm,0.75,2.77,0.57,0.35,548.6,0.71,1.9,2.36,0.83,0.73,Mindfulness Tracker,3,1,0,1,2,4,0.89,True,False,True,False,58.41,48.8,0.59,Paryushan,Bhakti Flow
23,Seeker,36-45,Ahmedabad,2025-05-19,Onboarded → Watched Content → Completed Content,Calm,Calm,0.19,13.71,0.48,0.44,1382.4,0.98,1.56,0.64,0.68,0.57,Bhakti Journal,5,0,0,0,0,2,0.48,False,False,True,True,70.15,9.2,0.37,,Bhakti Flow
24,Mumukshu,36-45,Pune,2025-04-24,Onboarded,Neutral,Uplifted,0.01,5.92,0.29,0.48,819.5,0.72,0.5,4.63,0.66,0.44,Bhakti Journal,4,2,1,1,0,2,0.36,True,True,True,False,77.38,129.4,0.82,,Vachanamrut 101
25,Seeker,46-60,Pune,2025-02-02,Onboarded → Watched Content → Completed Content → Reflected → Bookmarked,Neutral,Uplifted,0.18,12.16,0.46,0.42,1283.4,0.87,1.79,3.89,0.67,0.73,Seva Calendar,4,2,0,0,1,2,0.54,True,True,True,True,99.72,124.2,0.37,,Bhakti Flow
26,Seeker,46-60,Mumbai,2025-04-13,Onboarded → Watched Content,Neutral,Uplifted,0.88,10.98,0.33,0.25,866.4,0.88,0.32,0.56,0.98,0.77,Bhakti Journal,0,1,0,0,1,10,0.78,False,False,True,True,83.42,74.6,0.39,Paryushan,Jeevan Kya Chhe?
27,Corporate,18-25,Pune,2025-06-27,Onboarded → Watched Content → Completed Content,Anxious,Uplifted,0.54,14.44,0.23,0.12,1176.2,0.72,1.05,3.71,0.67,0.54,Bhakti Journal,5,1,0,0,2,9,0.54,True,False,True,False,99.94,51.7,0.97,,Jeevan Kya Chhe?
28,Mumukshu,46-60,Bangalore,2025-05-26,Onboarded → Watched Content,Calm,Calm,0.32,3.13,0.33,0.49,1082.7,0.76,0.33,4.35,0.88,0.4,Daily Reflection,1,0,0,1,2,9,0.81,True,True,True,False,72.49,103.5,0.44,,Jeevan Kya Chhe?
29,Seeker,36-45,Bangalore,2025-05-20,Onboarded → Watched Content,Neutral,Calm,0.24,6.13,0.37,0.47,1426.5,0.68,2.02,3.87,0.84,0.52,Seva Calendar,1,2,1,0,0,1,0.38,True,True,True,True,56.98,142.3,0.39,,Samaysaar Explained
30,Seeker,46-60,Bangalore,2025-01-23,Onboarded → Watched Content → Completed Content → Reflected,Calm,Uplifted,0.03,3.83,0.24,0.25,1266.8,0.92,0.79,1.0,0.79,0.45,Mindfulness Tracker,0,0,1,0,0,6,0.51,False,True,True,True,56.02,147.6,0.54,,Vachanamrut 101
31,Seeker,36-45,Mumbai,2025-02-10,Onboarded → Watched Content,Calm,Calm,0.41,4.47,0.25,0.45,1170.0,0.63,2.36,3.38,0.76,0.9,Seva Calendar,1,1,1,0,1,6,0.82,False,False,True,True,81.78,109.0,0.76,,Vachanamrut 101
32,Seeker,46-60,Ahmedabad,2025-05-30,Onboarded → Watched Content,Anxious,Uplifted,0.75,14.9,0.39,0.17,1273.2,0.89,1.51,3.61,0.7,0.72,Bhakti Journal,2,2,1,0,2,1,0.47,False,False,True,False,68.09,167.0,0.63,Paryushan,Jeevan Kya Chhe?
33,Mumukshu,46-60,Delhi,2025-04-19,Onboarded → Watched Content,Anxious,Confused,0.95,8.84,0.42,0.3,1358.6,0.99,1.52,2.68,0.66,0.93,Seva Calendar,2,2,0,0,2,10,0.66,True,False,True,False,53.41,91.4,0.67,Paryushan,Bhakti Flow
34,Corporate,18-25,Bangalore,2025-03-16,Onboarded → Watched Content → Completed Content → Reflected → Bookmarked,Neutral,Uplifted,0.21,13.06,0.29,0.12,1470.1,0.99,2.42,1.31,0.83,0.44,Daily Reflection,4,1,1,0,2,3,0.59,True,False,True,False,63.91,131.2,0.37,,Bhakti Flow
35,Seeker,36-45,Ahmedabad,2025-04-24,Onboarded → Watched Content → Completed Content,Neutral,Calm,0.88,9.42,0.21,0.07,1150.7,0.87,2.54,2.99,0.68,0.39,Mindfulness Tracker,2,3,1,1,0,6,0.33,False,True,True,True,97.09,12.2,0.88,Paryushan,Samaysaar Explained
36,Seeker,26-35,Bangalore,2025-05-08,Onboarded,Anxious,Confused,0.94,6.7,0.17,0.06,510.0,0.72,2.99,0.9,0.95,0.87,Daily Reflection,0,1,1,1,0,6,0.28,True,False,True,False,82.54,26.1,0.65,,Samaysaar Explained
37,Corporate,26-35,Bangalore,2025-02-18,Onboarded → Watched Content → Completed Content → Reflected → Bookmarked,Neutral,Uplifted,0.61,11.05,0.36,0.07,1282.4,0.67,0.65,3.36,0.85,0.7,Seva Calendar,3,2,0,0,0,6,0.86,True,True,True,True,62.7,171.1,0.72,Paryushan,Bhakti Flow
38,Seeker,36-45,Bangalore,2025-04-12,Onboarded → Watched Content,Calm,Uplifted,0.72,8.13,0.36,0.26,759.3,0.88,2.4,4.3,0.9,0.63,Bhakti Journal,4,1,1,0,2,10,0.47,False,True,True,False,78.12,39.4,0.66,Paryushan,Jeevan Kya Chhe?
39,Mumukshu,46-60,Ahmedabad,2025-02-05,Onboarded → Watched Content → Completed Content → Reflected → Bookmarked,Neutral,Calm,0.71,14.11,0.17,0.36,827.1,0.76,0.27,0.78,0.91,0.76,Daily Reflection,4,3,1,1,2,10,0.63,True,True,True,True,90.1,158.6,0.39,,Jeevan Kya Chhe?
40,Corporate,36-45,Delhi,2025-02-02,Onboarded → Watched Content → Completed Content → Reflected,Anxious,Uplifted,0.02,7.95,0.24,0.31,1043.1,0.65,0.13,2.32,0.62,0.52,Seva Calendar,3,2,1,1,1,3,0.26,False,False,True,False,83.38,53.5,0.93,,Jeevan Kya Chhe?
41,Mumukshu,46-60,Delhi,2025-02-05,Onboarded → Watched Content,Neutral,Calm,0.54,3.12,0.23,0.37,638.8,0.85,1.64,3.94,0.66,0.94,Seva Calendar,3,0,0,1,2,10,0.26,True,False,True,True,67.15,94.7,0.95,,Vachanamrut 101
42,Mumukshu,18-25,Ahmedabad,2025-04-24,Onboarded → Watched Content,Neutral,Uplifted,0.84,13.6,0.55,0.22,1235.0,0.91,1.1,1.95,0.67,0.35,Mindfulness Tracker,2,3,0,1,1,7,0.29,False,False,True,True,91.02,101.9,0.35,,Bhakti Flow
43,Corporate,18-25,Pune,2025-03-14,Onboarded → Watched Content,Calm,Confused,0.96,9.27,0.16,0.22,991.7,0.66,2.19,4.32,0.67,0.32,Daily Reflection,4,2,0,1,2,2,0.67,False,True,True,True,57.88,113.9,0.91,Paryushan,Jeevan Kya Chhe?
44,Mumukshu,18-25,Delhi,2025-03-05,Onboarded,Calm,Confused,0.55,1.72,0.29,0.45,881.7,0.7,1.8,3.87,0.9,0.55,Daily Reflection,0,2,0,1,0,4,0.58,False,False,True,False,57.27,106.9,0.76,,Samaysaar Explained
45,Seeker,36-45,Delhi,2025-04-15,Onboarded → Watched Content → Completed Content,Anxious,Confused,0.73,1.13,0.12,0.38,1477.1,0.95,1.43,0.82,0.65,0.72,Bhakti Journal,4,0,0,0,0,1,0.35,True,True,True,False,52.22,17.9,0.67,,Bhakti Flow
46,Corporate,26-35,Bangalore,2025-04-03,Onboarded → Watched Content → Completed Content,Neutral,Confused,0.75,8.0,0.51,0.09,1153.1,0.68,1.56,0.65,0.65,0.73,Bhakti Journal,1,2,0,1,0,10,0.53,False,True,True,True,75.91,115.1,0.84,,Jeevan Kya Chhe?
47,Mumukshu,36-45,Delhi,2025-05-09,Onboarded → Watched Content,Neutral,Uplifted,0.02,14.58,0.3,0.2,949.9,0.87,2.25,0.84,0.66,0.49,Mindfulness Tracker,3,2,1,1,2,5,0.65,True,False,True,True,81.76,158.0,0.78,,Bhakti Flow
48,Seeker,46-60,Mumbai,2025-04-16,Onboarded → Watched Content → Completed Content,Calm,Confused,0.95,1.42,0.47,0.4,1198.8,0.71,0.99,2.97,1.0,0.85,Seva Calendar,0,1,1,0,0,5,0.22,False,True,True,True,86.0,177.0,0.53,,Jeevan Kya Chhe?
49,Seeker,46-60,Ahmedabad,2025-05-13,Onboarded → Watched Content,Anxious,Uplifted,0.66,12.93,0.23,0.34,1177.2,0.81,1.75,4.0,0.88,0.52,Bhakti Journal,4,1,1,0,1,10,0.24,False,False,True,True,58.98,112.1,0.9,,Samaysaar Explained
50,Corporate,36-45,Ahmedabad,2025-06-29,Onboarded → Watched Content,Calm,Calm,0.7,9.14,0.53,0.36,519.2,0.9,1.62,4.27,0.65,0.86,Daily Reflection,3,2,1,0,0,5,0.8,False,False,True,False,54.82,173.5,0.79,,Samaysaar Explained
51,Mumukshu,26-35,Pune,2025-06-21,Onboarded → Watched Content → Completed Content → Reflected,Calm,Uplifted,0.53,5.56,0.55,0.47,949.2,0.83,0.67,0.53,0.92,0.4,Daily Reflection,4,2,0,0,1,6,0.85,False,False,True,True,62.68,12.1,0.81,Paryushan,Samaysaar Explained
52,Seeker,26-35,Mumbai,2025-04-27,Onboarded → Watched Content,Calm,Confused,0.16,9.04,0.27,0.37,1130.9,0.78,2.13,4.88,0.79,0.68,Mindfulness Tracker,2,3,0,1,0,9,0.75,True,False,True,True,95.84,174.7,0.74,,Vachanamrut 101
53,Seeker,18-25,Delhi,2025-04-21,Onboarded → Watched Content → Completed Content → Reflected → Bookmarked,Anxious,Uplifted,0.55,12.44,0.5,0.15,1118.8,0.75,1.35,0.74,0.84,0.57,Seva Calendar,5,3,1,1,2,6,0.59,True,False,True,False,95.05,134.6,0.92,,Vachanamrut 101
54,Mumukshu,18-25,Delhi,2025-05-12,Onboarded → Watched Content,Calm,Calm,0.54,9.47,0.22,0.21,557.9,0.7,1.8,0.9,0.65,0.56,Mindfulness Tracker,0,1,0,0,1,2,0.32,True,False,True,True,77.02,116.6,0.55,,Samaysaar Explained
55,Corporate,26-35,Bangalore,2025-03-31,Onboarded → Watched Content → Completed Content → Reflected,Anxious,Confused,0.34,14.67,0.51,0.15,1408.1,0.87,1.39,4.4,0.64,0.9,Seva Calendar,3,3,0,1,2,3,0.43,True,True,True,False,92.45,35.0,0.43,,Jeevan Kya Chhe?
56,Seeker,26-35,Delhi,2025-03-28,Onboarded → Watched Content,Anxious,Calm,0.24,6.13,0.2,0.43,1243.9,0.83,1.08,2.75,0.83,0.77,Bhakti Journal,3,1,0,1,0,5,0.66,False,False,True,True,95.84,114.8,0.88,,Bhakti Flow
57,Mumukshu,46-60,Delhi,2025-03-14,Onboarded,Calm,Uplifted,0.99,10.59,0.28,0.17,1074.1,0.69,0.98,1.3,0.92,0.62,Daily Reflection,2,1,1,1,0,5,0.43,True,False,True,False,53.99,31.6,0.39,Paryushan,Bhakti Flow
58,Seeker,18-25,Ahmedabad,2025-06-18,Onboarded → Watched Content → Completed Content → Reflected,Anxious,Calm,0.65,6.27,0.25,0.24,1301.6,0.65,1.14,4.93,0.77,0.39,Seva Calendar,3,3,0,1,1,5,0.77,True,True,True,True,70.83,10.5,0.7,,Jeevan Kya Chhe?
59,Corporate,46-60,Pune,2025-03-29,Onboarded → Watched Content → Completed Content → Reflected → Bookmarked,Calm,Uplifted,0.56,9.0,0.18,0.32,554.5,0.82,2.11,3.47,0.95,0.3,Bhakti Journal,2,0,1,0,0,2,0.81,True,False,True,True,91.16,59.7,0.55,Paryushan,Bhakti Flow
60,Corporate,26-35,Pune,2025-03-02,Onboarded,Neutral,Calm,0.35,1.1,0.2,0.08,782.2,0.93,2.73,3.6,0.71,0.35,Seva Calendar,1,1,1,1,0,4,0.6,False,True,True,True,54.62,109.6,0.36,,Vachanamrut 101
61,Corporate,26-35,Pune,2025-03-14,Onboarded → Watched Content → Completed Content,Neutral,Uplifted,0.04,12.26,0.56,0.16,842.3,0.62,2.68,4.8,0.77,0.7,Mindfulness Tracker,0,1,1,1,1,5,0.74,True,True,True,True,55.84,164.9,0.78,Paryushan,Bhakti Flow
62,Seeker,26-35,Delhi,2025-06-03,Onboarded → Watched Content → Completed Content,Calm,Uplifted,0.63,9.09,0.13,0.28,1047.9,0.71,1.89,1.16,0.69,0.6,Bhakti Journal,2,0,1,0,2,6,0.53,False,True,True,True,97.34,64.8,0.46,Paryushan,Vachanamrut 101
63,Seeker,26-35,Bangalore,2025-03-21,Onboarded → Watched Content → Completed Content,Calm,Uplifted,0.35,5.84,0.33,0.49,1080.9,0.89,0.43,3.53,0.74,0.63,Seva Calendar,2,2,0,0,1,10,0.55,True,True,True,False,75.43,94.0,0.75,,Jeevan Kya Chhe?
64,Seeker,46-60,Ahmedabad,2025-02-12,Onboarded → Watched Content → Completed Content → Reflected → Bookmarked,Calm,Uplifted,0.16,11.96,0.57,0.12,920.3,0.73,1.04,0.86,0.88,0.55,Daily Reflection,5,3,0,0,2,6,0.82,False,False,True,False,51.19,64.6,0.57,,Bhakti Flow
65,Mumukshu,26-35,Delhi,2025-05-23,Onboarded,Anxious,Uplifted,0.5,3.7,0.45,0.29,1200.9,0.93,0.5,1.31,0.98,0.48,Seva Calendar,1,2,0,0,2,8,0.85,False,True,True,False,83.95,38.3,0.85,Paryushan,Vachanamrut 101
66,Mumukshu,46-60,Delhi,2025-03-05,Onboarded → Watched Content → Completed Content,Calm,Confused,0.75,11.38,0.13,0.33,1063.2,0.91,2.66,4.66,0.86,0.63,Mindfulness Tracker,5,3,0,1,1,9,0.44,False,False,True,True,54.39,148.8,0.4,Paryushan,Samaysaar Explained
67,Mumukshu,18-25,Bangalore,2025-02-14,Onboarded,Calm,Calm,0.52,14.16,0.36,0.08,768.5,0.82,2.87,4.27,0.72,0.89,Mindfulness Tracker,5,0,1,0,1,4,0.69,False,True,True,True,90.84,117.8,0.96,,Jeevan Kya Chhe?
68,Mumukshu,18-25,Delhi,2025-03-19,Onboarded → Watched Content,Anxious,Uplifted,0.81,9.31,0.43,0.49,1054.1,0.79,2.4,0.72,0.7,0.44,Seva Calendar,1,0,0,0,1,3,0.75,True,False,True,False,66.59,150.0,0.46,Paryushan,Samaysaar Explained
69,Mumukshu,18-25,Pune,2025-05-29,Onboarded → Watched Content → Completed Content → Reflected,Anxious,Uplifted,0.11,13.77,0.5,0.43,1294.5,0.61,1.83,1.54,0.93,0.87,Bhakti Journal,1,1,1,1,0,8,0.85,False,True,True,False,70.79,132.2,0.42,,Jeevan Kya Chhe?
70,Mumukshu,26-35,Pune,2025-02-05,Onboarded → Watched Content → Completed Content → Reflected,Neutral,Confused,0.69,9.17,0.34,0.32,696.9,0.65,1.03,4.75,0.66,0.34,Mindfulness Tracker,2,1,0,0,0,4,0.47,True,True,True,True,60.88,157.2,0.98,,Bhakti Flow
71,Seeker,36-45,Delhi,2025-06-16,Onboarded → Watched Content,Anxious,Uplifted,0.96,6.76,0.12,0.31,859.7,0.68,1.63,1.85,0.73,0.41,Bhakti Journal,0,1,0,0,1,1,0.2,True,False,True,True,92.24,17.0,0.31,,Samaysaar Explained
72,Seeker,36-45,Ahmedabad,2025-02-01,Onboarded → Watched Content → Completed Content,Anxious,Calm,0.72,5.39,0.37,0.41,727.3,0.65,1.43,2.81,0.91,0.69,Mindfulness Tracker,3,1,1,0,2,3,0.71,True,True,True,True,98.38,170.6,0.62,,Vachanamrut 101
73,Corporate,46-60,Pune,2025-01-26,Onboarded → Watched Content → Completed Content → Reflected,Neutral,Confused,0.11,8.27,0.16,0.32,1400.8,0.75,1.4,4.61,0.64,0.34,Seva Calendar,0,2,0,1,2,9,0.6,True,True,True,False,58.6,49.3,0.44,,Samaysaar Explained
74,Mumukshu,36-45,Pune,2025-06-16,Onboarded → Watched Content → Completed Content → Reflected → Bookmarked,Anxious,Confused,0.37,3.36,0.41,0.39,1199.1,0.71,1.9,2.61,0.85,0.38,Seva Calendar,1,1,0,1,1,8,0.57,True,False,True,True,98.51,177.5,0.36,,Jeevan Kya Chhe?
75,Mumukshu,26-35,Pune,2025-06-02,Onboarded → Watched Content,Neutral,Uplifted,0.74,5.17,0.54,0.44,934.0,0.91,1.19,4.87,0.93,0.4,Bhakti Journal,5,0,1,1,0,10,0.21,True,True,True,False,93.27,152.7,0.75,Paryushan,Jeevan Kya Chhe?
76,Corporate,36-45,Delhi,2025-04-07,Onboarded,Anxious,Confused,0.15,5.69,0.41,0.42,769.4,0.99,1.19,4.6,0.62,0.76,Mindfulness Tracker,2,1,0,1,0,5,0.57,False,True,True,True,94.55,21.9,0.85,,Bhakti Flow
77,Corporate,36-45,Delhi,2025-02-23,Onboarded,Calm,Calm,0.23,4.83,0.58,0.17,888.9,0.77,1.72,4.75,0.86,0.72,Mindfulness Tracker,3,3,0,1,0,9,0.57,False,False,True,False,99.88,49.4,0.48,,Samaysaar Explained
78,Corporate,18-25,Ahmedabad,2025-05-17,Onboarded → Watched Content → Completed Content → Reflected,Anxious,Confused,0.56,10.15,0.3,0.29,1148.3,0.85,1.64,1.1,0.95,0.92,Bhakti Journal,4,0,0,0,2,7,0.82,False,True,True,True,93.87,168.8,0.61,,Vachanamrut 101
79,Seeker,26-35,Pune,2025-05-24,Onboarded → Watched Content → Completed Content,Anxious,Confused,0.22,3.45,0.47,0.31,769.8,0.94,0.64,3.69,0.65,0.38,Daily Reflection,5,1,1,1,0,7,0.21,True,True,True,True,77.66,149.1,0.93,,Bhakti Flow
80,Mumukshu,46-60,Bangalore,2025-04-30,Onboarded → Watched Content → Completed Content → Reflected,Neutral,Uplifted,0.37,1.23,0.12,0.4,1068.9,0.79,1.05,3.39,0.68,0.65,Daily Reflection,1,3,0,1,2,10,0.7,True,True,True,True,92.07,177.0,0.58,,Vachanamrut 101
81,Seeker,26-35,Bangalore,2025-01-24,Onboarded,Anxious,Confused,0.35,2.1,0.59,0.28,614.0,0.89,1.39,4.8,0.72,0.78,Mindfulness Tracker,0,2,1,0,0,1,0.54,True,True,True,False,60.72,110.1,0.66,,Samaysaar Explained
82,Seeker,36-45,Bangalore,2025-06-18,Onboarded → Watched Content → Completed Content → Reflected,Calm,Calm,0.55,5.36,0.38,0.3,1349.8,0.65,1.23,3.39,0.91,0.74,Bhakti Journal,4,2,0,1,1,5,0.48,True,True,True,True,73.45,116.7,0.65,,Jeevan Kya Chhe?
83,Seeker,26-35,Delhi,2025-06-29,Onboarded → Watched Content → Completed Content → Reflected → Bookmarked,Anxious,Calm,0.58,6.03,0.29,0.07,851.6,0.99,2.2,1.04,0.89,0.63,Daily Reflection,2,1,1,0,0,8,0.88,False,True,True,True,98.46,130.9,0.79,,Samaysaar Explained
84,Seeker,18-25,Mumbai,2025-06-04,Onboarded → Watched Content → Completed Content → Reflected → Bookmarked,Neutral,Uplifted,0.77,7.74,0.29,0.46,1357.4,0.73,0.77,1.05,0.69,0.94,Mindfulness Tracker,0,1,1,1,0,7,0.41,False,True,True,True,68.03,130.5,0.78,,Samaysaar Explained
85,Seeker,26-35,Ahmedabad,2025-02-05,Onboarded,Neutral,Uplifted,0.06,12.7,0.5,0.19,727.6,0.68,0.13,2.48,0.86,0.63,Seva Calendar,0,2,1,1,1,3,0.87,False,False,True,False,68.79,21.6,0.57,,Bhakti Flow
86,Corporate,18-25,Pune,2025-03-04,Onboarded,Anxious,Uplifted,0.55,4.88,0.27,0.36,923.5,0.91,1.07,4.39,0.85,0.83,Bhakti Journal,3,3,0,1,2,8,0.83,True,True,True,False,62.17,93.8,0.92,Paryushan,Bhakti Flow
87,Mumukshu,36-45,Delhi,2025-01-15,Onboarded → Watched Content,Calm,Calm,0.69,8.72,0.5,0.22,1309.0,0.64,1.0,4.04,0.66,0.82,Seva Calendar,0,2,1,0,1,6,0.22,False,True,True,False,63.17,130.1,0.61,,Bhakti Flow
88,Corporate,18-25,Bangalore,2025-02-19,Onboarded → Watched Content → Completed Content,Anxious,Confused,0.51,8.55,0.2,0.36,1293.9,0.73,2.46,4.14,0.94,0.82,Mindfulness Tracker,3,3,1,1,1,4,0.77,False,True,True,False,51.92,27.9,0.82,,Samaysaar Explained
89,Seeker,46-60,Delhi,2025-05-14,Onboarded → Watched Content → Completed Content → Reflected → Bookmarked,Neutral,Calm,0.91,14.92,0.2,0.18,816.5,0.9,0.62,4.21,0.86,0.81,Mindfulness Tracker,1,0,0,0,2,7,0.59,True,True,True,True,60.8,158.4,0.78,,Samaysaar Explained
90,Seeker,18-25,Mumbai,2025-06-03,Onboarded → Watched Content → Completed Content → Reflected,Anxious,Uplifted,0.15,9.94,0.27,0.12,791.2,0.84,1.83,1.15,0.89,0.89,Bhakti Journal,3,3,0,0,0,3,0.24,True,True,True,True,83.05,154.7,0.87,,Jeevan Kya Chhe?
91,Mumukshu,46-60,Delhi,2025-03-27,Onboarded → Watched Content → Completed Content → Reflected,Anxious,Calm,0.58,9.07,0.12,0.32,628.9,0.85,1.26,2.0,0.81,0.67,Seva Calendar,2,0,0,1,2,6,0.22,False,False,True,False,58.98,96.5,1.0,,Samaysaar Explained
92,Corporate,36-45,Mumbai,2025-02-10,Onboarded → Watched Content → Completed Content → Reflected → Bookmarked,Calm,Calm,0.88,2.16,0.2,0.36,1249.4,0.86,0.18,3.11,0.93,0.49,Daily Reflection,0,2,0,1,0,8,0.47,True,False,True,True,59.77,43.1,0.57,,Jeevan Kya Chhe?
93,Corporate,46-60,Ahmedabad,2025-05-31,Onboarded,Neutral,Confused,0.0,11.18,0.45,0.17,1436.4,0.77,1.6,0.61,0.88,0.33,Mindfulness Tracker,4,0,1,1,2,9,0.69,True,True,True,False,59.67,73.7,0.89,,Vachanamrut 101
94,Mumukshu,26-35,Ahmedabad,2025-03-28,Onboarded → Watched Content → Completed Content → Reflected,Anxious,Uplifted,0.54,9.57,0.39,0.24,602.1,0.89,1.52,4.12,0.75,0.43,Seva Calendar,3,1,1,0,1,8,0.31,False,False,True,False,60.59,155.6,0.58,,Bhakti Flow
95,Seeker,36-45,Bangalore,2025-01-20,Onboarded → Watched Content → Completed Content → Reflected → Bookmarked,Anxious,Confused,0.07,10.26,0.14,0.36,1341.7,0.69,0.83,4.55,0.94,0.52,Seva Calendar,4,2,1,0,2,10,0.74,True,True,True,False,77.24,85.5,0.62,,Vachanamrut 101
96,Mumukshu,26-35,Bangalore,2025-05-19,Onboarded → Watched Content → Completed Content → Reflected,Neutral,Confused,0.08,14.33,0.29,0.43,553.7,0.69,2.95,0.52,0.95,0.45,Mindfulness Tracker,2,3,1,1,0,10,0.47,True,True,True,False,67.85,96.5,0.51,,Samaysaar Explained
97,Corporate,26-35,Mumbai,2025-01-10,Onboarded,Anxious,Calm,0.35,7.46,0.12,0.32,715.1,0.79,2.67,3.49,0.64,0.86,Bhakti Journal,4,1,1,0,0,4,0.42,True,True,True,False,51.32,140.0,0.89,Paryushan,Bhakti Flow
98,Mumukshu,46-60,Mumbai,2025-01-05,Onboarded → Watched Content,Anxious,Calm,0.21,14.4,0.3,0.08,775.9,0.85,2.82,4.11,0.8,0.71,Mindfulness Tracker,0,1,1,0,0,5,0.43,False,False,True,False,86.45,56.7,0.89,,Samaysaar Explained
99,Seeker,46-60,Bangalore,2025-02-24,Onboarded → Watched Content → Completed Content → Reflected → Bookmarked,Anxious,Confused,0.13,4.01,0.19,0.24,943.8,0.88,1.49,3.75,0.76,0.55,Daily Reflection,2,3,1,1,2,8,0.29,True,False,True,True,57.77,34.8,0.7,,Vachanamrut 101
100,Mumukshu,18-25,Delhi,2025-06-12,Onboarded → Watched Content → Completed Content,Neutral,Calm,0.28,7.24,0.33,0.29,696.1,0.68,0.89,1.28,0.81,0.4,Daily Reflection,2,2,0,1,2,9,0.88,True,False,True,False,87.0,19.2,0.83,,Samaysaar Explained
101,Seeker,26-35,Bangalore,2025-03-29,Onboarded,Calm,Calm,0.81,9.78,0.53,0.43,617.9,0.67,2.33,2.75,0.86,0.82,Mindfulness Tracker,0,0,0,1,1,8,0.37,True,True,True,True,76.62,40.4,0.73,,Samaysaar Explained
102,Corporate,46-60,Ahmedabad,2025-01-25,Onboarded → Watched Content → Completed Content → Reflected,Calm,Confused,0.53,6.77,0.55,0.14,1479.6,0.7,2.86,2.01,0.77,0.34,Mindfulness Tracker,5,1,0,0,0,7,0.48,True,True,True,False,60.54,170.7,0.79,Paryushan,Bhakti Flow
103,Seeker,18-25,Bangalore,2025-03-21,Onboarded → Watched Content → Completed Content → Reflected → Bookmarked,Neutral,Calm,0.3,10.01,0.5,0.42,585.6,0.62,0.4,0.69,0.88,0.51,Bhakti Journal,3,2,1,1,1,5,0.74,True,True,True,True,60.93,53.5,0.4,,Jeevan Kya Chhe?
104,Corporate,46-60,Pune,2025-03-30,Onboarded,Calm,Calm,0.92,2.84,0.19,0.36,861.7,0.88,0.29,0.53,0.79,0.33,Seva Calendar,0,0,0,1,2,3,0.6,False,True,True,True,64.21,64.5,0.54,,Samaysaar Explained
105,Mumukshu,36-45,Delhi,2025-03-02,Onboarded → Watched Content,Calm,Uplifted,0.01,10.99,0.41,0.19,1101.7,0.61,2.07,4.15,0.96,0.63,Seva Calendar,4,3,0,1,2,8,0.33,True,False,True,True,52.44,15.2,0.78,,Bhakti Flow
106,Mumukshu,18-25,Pune,2025-01-15,Onboarded,Calm,Calm,0.47,1.43,0.54,0.34,922.3,0.89,2.28,2.56,0.69,0.93,Bhakti Journal,4,3,1,0,0,3,0.41,False,False,True,True,94.6,116.8,0.44,,Samaysaar Explained
107,Mumukshu,46-60,Bangalore,2025-05-26,Onboarded → Watched Content → Completed Content → Reflected → Bookmarked,Anxious,Uplifted,0.02,1.26,0.21,0.29,672.7,0.74,1.97,4.34,0.6,0.56,Mindfulness Tracker,1,0,1,1,1,7,0.61,True,False,True,False,54.39,106.8,0.78,,Samaysaar Explained
108,Mumukshu,26-35,Bangalore,2025-01-19,Onboarded → Watched Content,Anxious,Uplifted,0.68,4.98,0.45,0.42,949.7,0.97,0.82,1.33,0.64,0.5,Daily Reflection,2,0,1,0,2,4,0.7,False,True,True,False,75.0,125.1,0.9,,Jeevan Kya Chhe?
109,Mumukshu,26-35,Pune,2025-03-15,Onboarded → Watched Content,Anxious,Calm,0.34,7.17,0.29,0.42,574.7,0.77,2.84,4.42,0.74,0.31,Daily Reflection,3,3,0,1,2,10,0.21,True,True,True,False,87.66,96.6,0.98,,Samaysaar Explained
110,Seeker,46-60,Pune,2025-06-24,Onboarded,Neutral,Uplifted,0.87,3.39,0.12,0.29,948.3,0.62,0.17,2.41,0.83,0.41,Bhakti Journal,4,3,0,0,0,6,0.25,False,True,True,True,93.54,35.9,0.99,,Samaysaar Explained
111,Corporate,36-45,Ahmedabad,2025-05-07,Onboarded → Watched Content → Completed Content,Anxious,Calm,0.58,1.9,0.2,0.14,1039.0,0.62,2.89,0.51,0.74,0.69,Daily Reflection,4,1,0,0,1,7,0.6,False,False,True,False,87.1,84.8,0.6,Paryushan,Vachanamrut 101
112,Corporate,46-60,Delhi,2025-02-02,Onboarded → Watched Content,Calm,Confused,0.07,10.08,0.54,0.19,1238.2,0.89,2.95,0.55,0.71,0.94,Mindfulness Tracker,1,2,0,0,1,10,0.67,True,True,True,True,87.39,79.6,0.32,Paryushan,Vachanamrut 101
113,Corporate,36-45,Mumbai,2025-04-03,Onboarded → Watched Content,Calm,Calm,0.57,8.81,0.41,0.16,920.3,0.96,0.92,3.96,0.61,0.71,Seva Calendar,4,3,0,0,0,2,0.28,False,True,True,True,58.73,86.2,0.61,,Bhakti Flow
114,Mumukshu,26-35,Pune,2025-03-15,Onboarded → Watched Content → Completed Content → Reflected,Anxious,Uplifted,0.4,4.59,0.17,0.18,1032.2,0.82,2.51,1.99,0.61,0.72,Bhakti Journal,1,0,1,0,0,4,0.22,True,True,True,False,84.11,60.2,0.93,,Vachanamrut 101
115,Seeker,46-60,Ahmedabad,2025-06-23,Onboarded → Watched Content → Completed Content → Reflected → Bookmarked,Neutral,Calm,0.45,10.65,0.12,0.28,965.8,0.78,0.41,3.75,0.77,0.38,Seva Calendar,3,2,1,0,2,4,0.26,True,False,True,False,84.01,165.8,0.99,Paryushan,Bhakti Flow
116,Corporate,36-45,Bangalore,2025-05-15,Onboarded → Watched Content,Calm,Calm,0.2,1.1,0.52,0.27,811.7,0.92,2.67,4.88,0.91,0.81,Mindfulness Tracker,1,2,1,0,1,4,0.6,True,True,True,True,88.2,119.4,0.3,Paryushan,Jeevan Kya Chhe?
117,Mumukshu,18-25,Mumbai,2025-03-08,Onboarded → Watched Content → Completed Content,Neutral,Confused,0.75,9.28,0.28,0.17,795.5,0.82,2.83,2.66,1.0,0.52,Daily Reflection,3,1,1,0,1,6,0.28,True,True,True,True,56.58,48.5,0.61,,Bhakti Flow
118,Mumukshu,36-45,Pune,2025-01-05,Onboarded → Watched Content,Anxious,Uplifted,0.23,12.05,0.49,0.16,1066.9,0.93,1.62,1.27,0.69,0.94,Bhakti Journal,4,3,1,1,0,9,0.86,False,False,True,True,95.97,118.6,0.76,,Bhakti Flow
119,Corporate,26-35,Mumbai,2025-02-27,Onboarded → Watched Content,Calm,Confused,0.31,14.1,0.55,0.43,1270.9,0.75,0.2,0.71,0.91,0.67,Mindfulness Tracker,0,1,0,1,1,2,0.68,True,True,True,True,69.66,74.0,0.63,,Vachanamrut 101
120,Seeker,36-45,Ahmedabad,2025-04-04,Onboarded → Watched Content → Completed Content,Calm,Calm,0.74,14.89,0.4,0.37,840.0,0.84,0.99,4.29,0.75,0.52,Bhakti Journal,4,0,1,0,0,6,0.6,True,False,True,False,68.28,96.8,0.34,,Bhakti Flow
121,Seeker,26-35,Mumbai,2025-01-10,Onboarded → Watched Content → Completed Content → Reflected → Bookmarked,Anxious,Uplifted,0.27,3.32,0.17,0.16,761.7,0.77,2.75,2.97,1.0,0.93,Bhakti Journal,0,0,1,0,1,6,0.51,True,False,True,True,99.65,124.0,0.49,Paryushan,Jeevan Kya Chhe?
122,Seeker,18-25,Pune,2025-03-26,Onboarded,Calm,Confused,0.52,3.96,0.48,0.05,1360.1,0.99,0.69,2.84,0.68,0.45,Bhakti Journal,1,0,0,0,1,7,0.37,False,True,True,True,94.88,88.8,0.32,,Vachanamrut 101
123,Seeker,46-60,Delhi,2025-03-28,Onboarded → Watched Content → Completed Content,Calm,Uplifted,0.29,11.07,0.52,0.12,538.3,0.83,0.78,1.2,0.68,0.73,Daily Reflection,2,2,1,0,2,9,0.83,True,True,True,False,51.85,139.6,0.67,,Jeevan Kya Chhe?
124,Corporate,36-45,Ahmedabad,2025-03-28,Onboarded,Neutral,Uplifted,0.26,6.79,0.51,0.13,1326.0,0.85,0.74,4.28,0.65,0.84,Bhakti Journal,5,3,0,0,2,8,0.76,True,True,True,True,92.92,83.6,0.49,,Jeevan Kya Chhe?
125,Corporate,46-60,Ahmedabad,2025-04-18,Onboarded → Watched Content → Completed Content,Neutral,Calm,0.37,7.29,0.4,0.38,838.8,0.92,1.66,2.03,0.93,0.39,Seva Calendar,5,2,0,1,2,9,0.75,False,False,True,True,56.67,161.0,0.55,,Bhakti Flow
126,Corporate,18-25,Pune,2025-03-16,Onboarded → Watched Content → Completed Content → Reflected → Bookmarked,Anxious,Confused,0.62,5.47,0.17,0.1,1042.4,0.82,1.33,0.6,0.82,0.6,Mindfulness Tracker,2,1,1,1,2,4,0.82,False,True,True,True,52.4,165.2,0.5,,Jeevan Kya Chhe?
127,Seeker,36-45,Bangalore,2025-02-24,Onboarded → Watched Content,Calm,Confused,0.42,5.61,0.26,0.22,703.0,0.99,2.23,2.07,0.69,0.89,Bhakti Journal,2,3,1,1,2,5,0.55,True,True,True,True,75.47,11.0,0.92,,Jeevan Kya Chhe?
128,Seeker,46-60,Bangalore,2025-06-13,Onboarded → Watched Content → Completed Content → Reflected → Bookmarked,Neutral,Uplifted,0.78,9.11,0.24,0.5,1211.7,0.8,0.99,2.15,0.9,0.6,Seva Calendar,5,0,0,0,2,1,0.41,False,False,True,True,79.43,145.9,0.44,,Jeevan Kya Chhe?
129,Corporate,18-25,Pune,2025-03-29,Onboarded → Watched Content → Completed Content,Anxious,Calm,0.14,14.16,0.34,0.47,1121.2,0.67,0.13,1.75,0.73,0.6,Daily Reflection,2,1,0,0,1,3,0.73,True,True,True,True,70.48,131.9,0.56,,Samaysaar Explained
130,Mumukshu,26-35,Bangalore,2025-04-11,Onboarded → Watched Content → Completed Content,Calm,Confused,0.85,1.09,0.16,0.35,844.6,0.97,1.07,3.5,0.8,0.95,Daily Reflection,0,0,1,0,1,10,0.63,True,True,True,True,62.98,65.5,0.42,Paryushan,Samaysaar Explained
131,Corporate,26-35,Bangalore,2025-04-19,Onboarded → Watched Content → Completed Content,Anxious,Calm,0.71,14.77,0.45,0.34,732.1,0.71,0.3,2.93,0.75,0.3,Seva Calendar,3,2,0,0,0,7,0.67,False,False,True,True,85.45,159.3,0.5,,Samaysaar Explained
132,Seeker,18-25,Delhi,2025-02-18,Onboarded,Neutral,Uplifted,0.09,10.07,0.57,0.39,1322.5,0.74,2.37,1.22,0.7,0.78,Mindfulness Tracker,5,0,1,1,1,5,0.78,True,False,True,True,85.57,5.4,0.6,,Samaysaar Explained
133,Corporate,36-45,Mumbai,2025-05-13,Onboarded → Watched Content → Completed Content,Neutral,Uplifted,0.39,13.92,0.29,0.28,1122.7,0.66,2.62,1.99,0.63,0.34,Bhakti Journal,4,1,1,1,0,3,0.54,False,False,True,False,83.27,98.3,0.84,,Vachanamrut 101
134,Corporate,36-45,Delhi,2025-04-16,Onboarded → Watched Content → Completed Content → Reflected,Neutral,Calm,0.82,12.38,0.17,0.28,1405.2,0.9,1.18,4.93,0.61,0.71,Daily Reflection,1,1,0,0,1,6,0.25,True,True,True,False,53.46,25.2,0.39,,Vachanamrut 101
135,Seeker,18-25,Pune,2025-04-15,Onboarded,Anxious,Calm,0.32,12.4,0.1,0.48,926.1,0.62,2.91,3.15,0.72,0.75,Bhakti Journal,2,2,0,1,1,8,0.86,True,True,True,False,88.35,131.0,0.73,Paryushan,Bhakti Flow
136,Seeker,18-25,Ahmedabad,2025-03-23,Onboarded → Watched Content,Anxious,Calm,0.92,6.07,0.57,0.08,918.3,0.74,2.43,1.39,0.84,0.9,Seva Calendar,2,1,0,0,2,3,0.42,True,True,True,False,70.18,98.5,0.76,Paryushan,Vachanamrut 101
137,Mumukshu,36-45,Delhi,2025-04-20,Onboarded,Calm,Uplifted,0.98,9.46,0.19,0.4,921.1,0.85,2.4,0.68,0.86,0.82,Seva Calendar,0,1,0,0,0,2,0.34,False,True,True,False,72.82,165.6,0.45,,Jeevan Kya Chhe?
138,Mumukshu,36-45,Ahmedabad,2025-04-03,Onboarded,Neutral,Confused,0.65,3.77,0.45,0.12,1149.7,0.71,1.5,2.67,0.88,0.37,Daily Reflection,0,0,0,0,1,10,0.77,False,True,True,False,83.72,109.6,0.89,Paryushan,Samaysaar Explained
139,Corporate,26-35,Mumbai,2025-04-07,Onboarded,Neutral,Confused,0.0,10.6,0.49,0.41,1396.6,0.64,0.83,1.34,0.95,0.84,Daily Reflection,5,0,0,1,2,9,0.58,False,False,True,False,72.46,47.5,0.5,Paryushan,Vachanamrut 101
140,Corporate,18-25,Ahmedabad,2025-04-13,Onboarded → Watched Content → Completed Content → Reflected,Anxious,Calm,0.01,3.14,0.18,0.44,1377.7,0.87,1.93,0.83,0.8,0.86,Bhakti Journal,4,2,0,0,0,6,0.35,True,True,True,False,54.69,38.4,0.35,,Vachanamrut 101
141,Seeker,46-60,Delhi,2025-06-13,Onboarded → Watched Content → Completed Content → Reflected,Calm,Confused,0.38,4.22,0.13,0.41,1188.9,0.71,1.52,1.8,0.61,0.32,Seva Calendar,2,2,1,1,2,7,0.42,True,False,True,False,79.52,46.3,0.5,,Vachanamrut 101
142,Seeker,18-25,Mumbai,2025-04-14,Onboarded → Watched Content,Calm,Uplifted,0.47,1.21,0.41,0.32,1332.5,0.6,2.33,4.0,0.84,0.61,Mindfulness Tracker,3,3,0,0,2,2,0.83,True,False,True,False,75.77,115.0,0.45,,Samaysaar Explained
143,Mumukshu,36-45,Ahmedabad,2025-02-07,Onboarded → Watched Content → Completed Content,Anxious,Confused,0.81,13.62,0.39,0.28,968.3,0.76,1.34,4.2,0.69,0.34,Daily Reflection,3,3,0,0,2,10,0.22,True,False,True,True,58.33,9.1,0.32,,Vachanamrut 101
144,Corporate,18-25,Ahmedabad,2025-05-12,Onboarded → Watched Content → Completed Content,Calm,Calm,0.69,9.93,0.47,0.41,872.4,0.85,1.41,2.83,0.68,0.92,Daily Reflection,5,0,1,1,0,8,0.21,False,True,True,True,52.12,113.3,0.9,,Bhakti Flow
145,Mumukshu,26-35,Bangalore,2025-02-24,Onboarded → Watched Content → Completed Content,Calm,Calm,0.99,10.4,0.35,0.1,1445.6,0.74,0.27,0.61,0.8,0.73,Daily Reflection,2,3,0,0,1,8,0.82,True,False,True,False,68.64,157.0,0.49,,Bhakti Flow
146,Mumukshu,36-45,Delhi,2025-05-25,Onboarded → Watched Content → Completed Content,Calm,Confused,0.85,11.32,0.15,0.13,1232.2,0.68,1.99,1.05,0.99,0.76,Mindfulness Tracker,5,2,1,0,2,8,0.63,False,False,True,True,94.25,157.2,0.41,,Samaysaar Explained
147,Seeker,26-35,Mumbai,2025-05-15,Onboarded → Watched Content → Completed Content,Anxious,Uplifted,0.22,12.45,0.41,0.28,993.9,0.68,1.23,2.86,0.8,0.7,Mindfulness Tracker,3,1,1,1,1,4,0.88,True,True,True,False,99.15,103.5,0.31,,Jeevan Kya Chhe?
148,Mumukshu,26-35,Pune,2025-04-07,Onboarded,Anxious,Uplifted,0.05,10.52,0.33,0.42,991.1,0.85,0.17,1.38,0.8,0.94,Bhakti Journal,5,0,0,0,0,2,0.77,False,True,True,True,60.57,45.7,0.63,,Vachanamrut 101
149,Seeker,18-25,Bangalore,2025-06-09,Onboarded,Calm,Calm,0.86,2.54,0.12,0.4,752.1,0.86,2.3,2.78,0.99,0.75,Daily Reflection,5,3,1,1,1,2,0.31,True,False,True,False,63.01,127.9,0.56,,Jeevan Kya Chhe?
150,Seeker,36-45,Delhi,2025-05-15,Onboarded → Watched Content,Anxious,Confused,0.34,13.95,0.13,0.27,1116.6,0.94,2.71,4.81,0.92,0.52,Seva Calendar,5,1,0,0,0,1,0.4,False,True,True,True,69.54,173.7,0.67,,Samaysaar Explained
151,Seeker,26-35,Pune,2025-06-18,Onboarded → Watched Content → Completed Content → Reflected,Neutral,Calm,0.86,12.34,0.43,0.36,665.0,0.9,2.93,1.25,0.94,0.32,Mindfulness Tracker,3,1,0,1,0,8,0.41,False,True,True,True,76.86,136.7,0.94,,Samaysaar Explained
152,Seeker,36-45,Pune,2025-04-02,Onboarded,Neutral,Uplifted,0.1,1.65,0.16,0.28,704.0,0.9,2.19,4.65,0.87,0.47,Daily Reflection,4,2,0,0,0,4,0.64,False,False,True,True,99.36,159.8,0.59,,Samaysaar Explained
153,Mumukshu,18-25,Delhi,2025-04-26,Onboarded,Neutral,Calm,0.89,6.29,0.15,0.09,1125.5,0.72,0.12,1.4,0.87,0.61,Mindfulness Tracker,3,0,1,1,1,7,0.36,False,True,True,False,67.75,48.9,0.35,,Vachanamrut 101
154,Seeker,36-45,Delhi,2025-05-22,Onboarded,Calm,Confused,0.91,7.08,0.13,0.48,1360.6,0.94,2.82,2.1,0.8,0.9,Bhakti Journal,0,2,0,1,2,8,0.71,True,True,True,False,93.16,32.4,0.61,Paryushan,Vachanamrut 101
155,Corporate,46-60,Bangalore,2025-01-28,Onboarded → Watched Content → Completed Content,Anxious,Uplifted,0.06,1.43,0.17,0.47,1396.9,0.66,1.33,3.72,0.64,0.88,Bhakti Journal,5,2,0,0,0,5,0.38,True,False,True,True,63.4,118.6,0.76,,Jeevan Kya Chhe?
156,Mumukshu,46-60,Delhi,2025-01-23,Onboarded → Watched Content → Completed Content,Anxious,Uplifted,0.88,5.07,0.26,0.37,1283.6,0.66,1.28,3.29,0.76,0.38,Seva Calendar,0,2,0,1,2,8,0.69,False,False,True,True,54.46,146.1,0.86,,Samaysaar Explained
157,Seeker,36-45,Bangalore,2025-03-18,Onboarded → Watched Content → Completed Content,Anxious,Uplifted,0.05,14.25,0.19,0.22,1072.6,0.69,0.4,2.08,0.78,0.82,Daily Reflection,4,1,0,1,0,10,0.29,True,False,True,True,84.99,101.6,0.99,,Bhakti Flow
158,Corporate,46-60,Delhi,2025-05-20,Onboarded → Watched Content → Completed Content,Calm,Uplifted,0.58,9.43,0.48,0.24,1131.2,0.79,0.8,4.9,0.72,0.34,Seva Calendar,5,2,1,1,2,8,0.75,True,True,True,True,85.01,122.3,0.94,Paryushan,Jeevan Kya Chhe?
159,Corporate,36-45,Mumbai,2025-01-30,Onboarded → Watched Content,Anxious,Calm,0.67,4.33,0.47,0.2,524.5,0.93,0.92,2.02,0.78,0.4,Bhakti Journal,2,1,0,1,2,9,0.64,False,True,True,False,82.44,42.0,0.62,,Bhakti Flow
160,Mumukshu,18-25,Delhi,2025-01-19,Onboarded,Anxious,Uplifted,0.06,2.8,0.18,0.16,671.5,0.88,0.24,3.67,0.7,0.63,Bhakti Journal,1,0,1,0,2,2,0.25,False,False,True,True,68.29,15.3,0.79,,Bhakti Flow
161,Corporate,18-25,Mumbai,2025-04-15,Onboarded → Watched Content → Completed Content → Reflected → Bookmarked,Neutral,Confused,0.95,9.28,0.32,0.39,727.3,0.93,2.29,2.4,0.7,0.57,Bhakti Journal,5,1,1,1,0,10,0.23,False,True,True,False,82.5,107.9,0.96,Paryushan,Samaysaar Explained
162,Seeker,26-35,Delhi,2025-06-28,Onboarded → Watched Content,Anxious,Uplifted,0.45,4.61,0.14,0.41,1014.3,0.79,0.49,0.78,0.82,0.88,Bhakti Journal,0,1,1,0,2,9,0.78,False,True,True,False,73.51,139.2,0.55,,Bhakti Flow
163,Mumukshu,36-45,Pune,2025-06-18,Onboarded,Anxious,Confused,0.4,13.18,0.15,0.39,572.4,0.73,1.22,0.53,0.81,0.55,Bhakti Journal,5,2,1,0,0,3,0.58,True,True,True,True,77.96,136.4,0.58,,Jeevan Kya Chhe?
164,Mumukshu,46-60,Ahmedabad,2025-03-30,Onboarded → Watched Content → Completed Content → Reflected,Anxious,Confused,0.92,8.61,0.1,0.23,1003.4,0.79,0.21,1.12,0.84,0.41,Mindfulness Tracker,2,0,1,1,2,6,0.39,False,True,True,False,58.85,167.2,0.51,,Samaysaar Explained
165,Corporate,46-60,Delhi,2025-03-17,Onboarded → Watched Content → Completed Content → Reflected → Bookmarked,Calm,Calm,0.44,14.67,0.36,0.06,697.1,0.68,2.14,3.96,0.61,0.77,Daily Reflection,4,2,0,1,0,6,0.48,False,True,True,False,66.77,39.4,0.34,Paryushan,Samaysaar Explained
166,Mumukshu,26-35,Bangalore,2025-01-25,Onboarded → Watched Content,Calm,Uplifted,0.42,14.36,0.16,0.48,1484.5,0.75,0.58,1.26,0.97,0.93,Bhakti Journal,4,3,0,0,2,2,0.5,True,True,True,False,89.22,26.1,0.42,,Vachanamrut 101
167,Mumukshu,18-25,Mumbai,2025-01-07,Onboarded → Watched Content → Completed Content,Anxious,Confused,0.55,1.06,0.37,0.25,1380.3,0.78,0.05,1.79,0.74,0.86,Daily Reflection,4,3,0,0,1,5,0.52,False,True,True,True,86.98,48.3,0.45,,Vachanamrut 101
168,Mumukshu,26-35,Delhi,2025-04-09,Onboarded → Watched Content → Completed Content → Reflected → Bookmarked,Calm,Uplifted,0.88,1.05,0.56,0.2,731.9,0.73,0.81,4.92,0.65,0.71,Mindfulness Tracker,3,2,1,0,2,2,0.63,True,False,True,False,69.91,29.9,0.81,,Bhakti Flow
169,Corporate,26-35,Pune,2025-01-24,Onboarded → Watched Content,Neutral,Confused,0.65,9.59,0.16,0.25,965.6,0.68,0.82,4.63,0.98,0.77,Mindfulness Tracker,0,0,1,1,2,10,0.48,False,False,True,True,50.53,164.6,0.59,,Samaysaar Explained
170,Seeker,18-25,Bangalore,2025-03-28,Onboarded,Anxious,Calm,0.05,1.09,0.6,0.32,1181.1,0.88,0.18,3.05,0.83,0.67,Seva Calendar,3,2,1,1,0,3,0.69,True,True,True,True,83.8,96.3,0.35,,Bhakti Flow
171,Seeker,36-45,Delhi,2025-04-19,Onboarded → Watched Content → Completed Content → Reflected,Neutral,Calm,0.1,10.57,0.52,0.39,1008.6,0.91,2.33,2.66,0.71,0.38,Daily Reflection,5,0,1,1,0,1,0.34,True,True,True,True,98.27,62.2,0.58,Paryushan,Bhakti Flow
172,Mumukshu,46-60,Ahmedabad,2025-01-29,Onboarded → Watched Content → Completed Content,Neutral,Uplifted,0.33,14.15,0.38,0.48,1445.7,0.97,2.32,4.17,0.65,0.58,Daily Reflection,1,1,0,0,2,8,0.49,False,False,True,True,83.77,11.6,0.79,,Vachanamrut 101
173,Seeker,36-45,Delhi,2025-04-01,Onboarded → Watched Content,Neutral,Confused,0.04,5.26,0.55,0.25,1344.5,0.73,0.97,3.75,0.69,0.72,Bhakti Journal,3,2,0,1,1,8,0.89,False,True,True,True,66.57,11.7,0.94,,Jeevan Kya Chhe?
174,Seeker,26-35,Bangalore,2025-03-08,Onboarded → Watched Content → Completed Content → Reflected → Bookmarked,Neutral,Uplifted,0.72,2.57,0.51,0.12,761.8,0.87,2.67,1.97,0.74,0.86,Daily Reflection,5,3,1,1,1,8,0.63,False,False,True,True,53.84,112.7,0.37,,Samaysaar Explained
175,Mumukshu,26-35,Delhi,2025-03-12,Onboarded → Watched Content → Completed Content,Calm,Uplifted,0.26,11.96,0.2,0.08,1366.2,0.62,2.8,3.74,0.85,0.3,Mindfulness Tracker,5,3,1,0,0,6,0.42,False,True,True,False,52.21,43.8,0.6,,Bhakti Flow
176,Corporate,26-35,Ahmedabad,2025-02-21,Onboarded,Calm,Confused,0.6,13.87,0.16,0.25,1353.4,0.75,0.22,1.8,0.91,0.66,Daily Reflection,1,3,0,0,0,9,0.59,False,False,True,False,61.48,40.1,0.84,,Jeevan Kya Chhe?
177,Seeker,18-25,Pune,2025-05-10,Onboarded → Watched Content,Calm,Calm,0.25,2.08,0.43,0.37,628.2,0.78,1.48,0.89,0.85,0.36,Seva Calendar,5,3,1,0,0,8,0.71,True,False,True,False,96.02,163.8,0.53,,Jeevan Kya Chhe?
178,Corporate,36-45,Pune,2025-05-24,Onboarded → Watched Content → Completed Content → Reflected,Anxious,Calm,0.29,3.02,0.22,0.21,1189.3,0.98,0.25,3.67,0.71,0.9,Mindfulness Tracker,1,3,0,0,1,7,0.26,False,False,True,True,95.22,53.9,0.45,,Bhakti Flow
179,Corporate,26-35,Ahmedabad,2025-04-10,Onboarded → Watched Content → Completed Content → Reflected → Bookmarked,Anxious,Calm,0.04,14.69,0.58,0.45,977.6,0.92,2.23,2.62,0.78,0.66,Mindfulness Tracker,4,1,1,0,0,3,0.58,True,False,True,True,82.68,158.0,0.39,,Vachanamrut 101
180,Seeker,36-45,Pune,2025-07-01,Onboarded → Watched Content → Completed Content,Neutral,Uplifted,0.72,6.31,0.56,0.35,1042.8,0.71,2.83,3.77,0.79,0.74,Seva Calendar,3,1,1,1,1,5,0.26,True,False,True,True,73.56,75.0,0.47,,Vachanamrut 101
181,Mumukshu,46-60,Delhi,2025-06-23,Onboarded → Watched Content → Completed Content → Reflected → Bookmarked,Calm,Calm,0.44,1.74,0.24,0.48,1141.9,0.8,1.43,3.7,0.83,0.36,Seva Calendar,2,2,0,0,2,4,0.26,True,True,True,False,85.28,49.9,0.62,,Vachanamrut 101
182,Corporate,36-45,Ahmedabad,2025-03-24,Onboarded,Calm,Confused,0.73,6.05,0.6,0.45,518.5,0.88,0.59,0.94,0.88,0.85,Mindfulness Tracker,2,3,1,1,1,5,0.8,True,True,True,True,66.33,28.0,0.55,,Samaysaar Explained
183,Mumukshu,18-25,Ahmedabad,2025-05-27,Onboarded → Watched Content → Completed Content,Calm,Calm,0.52,9.66,0.58,0.09,1017.9,0.75,1.35,0.82,0.96,0.38,Bhakti Journal,1,2,0,1,1,5,0.59,False,True,True,False,87.49,114.9,0.86,,Jeevan Kya Chhe?
184,Seeker,18-25,Bangalore,2025-03-22,Onboarded,Anxious,Calm,0.98,7.18,0.4,0.2,1296.4,0.69,0.48,1.14,0.83,0.73,Daily Reflection,3,3,0,1,1,7,0.3,False,True,True,True,62.53,122.4,0.51,,Bhakti Flow
185,Corporate,46-60,Delhi,2025-01-27,Onboarded → Watched Content → Completed Content → Reflected → Bookmarked,Anxious,Uplifted,0.03,8.89,0.51,0.21,780.9,0.77,1.71,3.14,0.84,0.5,Daily Reflection,2,1,0,1,2,1,0.47,True,True,True,False,92.18,13.3,0.4,,Vachanamrut 101
186,Corporate,18-25,Mumbai,2025-04-18,Onboarded → Watched Content → Completed Content → Reflected,Neutral,Confused,0.13,9.24,0.36,0.11,724.1,0.75,0.51,4.84,0.76,0.49,Mindfulness Tracker,5,2,1,1,0,5,0.69,True,True,True,True,55.97,134.8,0.44,Paryushan,Jeevan Kya Chhe?
187,Seeker,46-60,Bangalore,2025-02-21,Onboarded → Watched Content → Completed Content,Neutral,Uplifted,0.23,5.01,0.53,0.18,1143.3,0.88,0.79,2.9,0.84,0.49,Daily Reflection,3,0,0,0,1,4,0.47,True,False,True,False,77.71,35.2,0.85,Paryushan,Vachanamrut 101
188,Mumukshu,26-35,Delhi,2025-04-03,Onboarded,Calm,Confused,0.57,2.64,0.12,0.1,579.6,0.86,2.04,3.13,0.95,0.9,Mindfulness Tracker,4,1,0,1,2,2,0.7,False,True,True,True,94.84,39.2,0.56,,Vachanamrut 101
189,Corporate,26-35,Mumbai,2025-03-21,Onboarded → Watched Content → Completed Content → Reflected,Anxious,Calm,0.61,6.62,0.49,0.28,1157.0,0.67,2.18,3.58,0.72,0.4,Mindfulness Tracker,2,1,1,0,1,8,0.21,False,True,True,False,96.77,162.8,0.52,,Bhakti Flow
190,Seeker,26-35,Delhi,2025-02-18,Onboarded → Watched Content,Neutral,Confused,0.98,9.41,0.33,0.05,934.2,0.77,0.4,2.28,0.76,0.75,Mindfulness Tracker,0,3,0,1,1,7,0.47,True,True,True,False,60.69,56.9,1.0,Paryushan,Jeevan Kya Chhe?
191,Corporate,46-60,Delhi,2025-06-17,Onboarded → Watched Content → Completed Content → Reflected → Bookmarked,Anxious,Uplifted,0.34,6.65,0.35,0.43,758.2,0.87,2.59,3.33,0.78,0.59,Daily Reflection,5,3,1,0,0,3,0.31,True,True,True,True,60.79,114.4,0.71,Paryushan,Samaysaar Explained
192,Mumukshu,36-45,Pune,2025-06-12,Onboarded → Watched Content,Neutral,Confused,0.28,7.78,0.11,0.41,1187.5,0.71,2.71,3.11,0.8,0.76,Bhakti Journal,2,2,1,0,0,6,0.28,False,False,True,True,83.06,142.9,0.61,,Bhakti Flow
193,Corporate,26-35,Ahmedabad,2025-02-03,Onboarded → Watched Content → Completed Content → Reflected → Bookmarked,Anxious,Uplifted,0.26,9.55,0.54,0.37,1054.5,0.92,1.26,1.16,0.66,0.86,Mindfulness Tracker,2,1,0,0,2,10,0.63,True,False,True,False,63.78,84.1,0.47,Paryushan,Jeevan Kya Chhe?
194,Seeker,18-25,Mumbai,2025-04-19,Onboarded,Anxious,Calm,0.67,14.95,0.43,0.4,1299.2,0.89,1.19,0.86,0.83,0.71,Seva Calendar,2,1,0,0,1,3,0.53,False,True,True,True,87.84,126.6,0.66,,Jeevan Kya Chhe?
195,Seeker,18-25,Ahmedabad,2025-01-15,Onboarded → Watched Content,Calm,Calm,0.93,10.76,0.21,0.35,918.8,0.61,0.12,3.26,0.77,0.68,Bhakti Journal,3,3,0,0,1,7,0.38,True,True,True,True,97.42,37.6,0.48,,Jeevan Kya Chhe?
196,Mumukshu,46-60,Mumbai,2025-05-20,Onboarded → Watched Content → Completed Content,Anxious,Confused,0.51,7.3,0.59,0.12,505.3,0.75,0.39,1.71,0.67,0.78,Seva Calendar,3,3,0,0,0,9,0.63,False,False,True,True,99.12,146.5,0.52,,Jeevan Kya Chhe?
197,Seeker,26-35,Delhi,2025-03-24,Onboarded → Watched Content → Completed Content → Reflected,Neutral,Calm,0.66,6.98,0.24,0.07,998.4,0.83,2.36,4.64,0.99,0.38,Daily Reflection,3,1,0,0,1,10,0.7,False,True,True,False,72.94,8.4,0.84,Paryushan,Bhakti Flow
198,Mumukshu,46-60,Delhi,2025-03-16,Onboarded,Calm,Uplifted,0.51,11.37,0.58,0.41,1358.7,0.85,0.82,3.89,0.64,0.45,Seva Calendar,0,2,1,0,1,1,0.64,True,False,True,False,76.83,67.0,0.46,,Bhakti Flow
199,Mumukshu,36-45,Pune,2025-04-04,Onboarded,Neutral,Confused,0.71,12.56,0.36,0.48,583.6,0.98,0.34,4.44,0.8,0.75,Mindfulness Tracker,4,3,0,0,2,1,0.82,True,False,True,True,51.19,173.1,0.52,Paryushan,Vachanamrut 101
200,Seeker,26-35,Delhi,2025-05-18,Onboarded,Calm,Calm,0.28,5.75,0.2,0.14,521.2,0.89,1.92,4.57,0.66,0.6,Bhakti Journal,1,3,1,1,2,1,0.56,True,True,True,True,81.36,6.8,0.97,,Bhakti Flow
201,Mumukshu,46-60,Mumbai,2025-01-20,Onboarded → Watched Content → Completed Content → Reflected,Anxious,Calm,0.93,10.43,0.48,0.36,1127.8,0.83,1.93,2.2,0.87,0.86,Mindfulness Tracker,4,2,0,0,0,3,0.4,True,True,True,False,62.38,129.5,0.57,,Samaysaar Explained
202,Seeker,18-25,Pune,2025-05-25,Onboarded → Watched Content → Completed Content → Reflected → Bookmarked,Anxious,Uplifted,0.3,7.09,0.13,0.47,1269.0,0.94,0.14,4.38,0.71,0.53,Bhakti Journal,4,3,0,1,2,1,0.66,False,False,True,False,65.02,126.8,0.94,,Jeevan Kya Chhe?
203,Corporate,26-35,Mumbai,2025-03-25,Onboarded,Anxious,Confused,0.38,13.13,0.58,0.17,663.6,0.82,0.19,3.98,0.9,0.64,Bhakti Journal,5,0,1,0,2,6,0.51,False,True,True,False,88.32,42.8,0.48,Paryushan,Jeevan Kya Chhe?
204,Corporate,36-45,Mumbai,2025-04-01,Onboarded → Watched Content → Completed Content → Reflected,Neutral,Uplifted,0.35,13.59,0.16,0.16,739.0,0.78,1.25,4.52,0.89,0.75,Mindfulness Tracker,4,1,1,0,0,9,0.3,True,True,True,True,72.42,129.1,0.91,,Samaysaar Explained
205,Corporate,36-45,Ahmedabad,2025-01-30,Onboarded → Watched Content,Anxious,Uplifted,0.51,12.63,0.25,0.48,814.0,0.95,2.29,1.93,0.71,0.54,Seva Calendar,5,3,1,0,0,6,0.42,True,True,True,True,63.38,11.4,1.0,Paryushan,Vachanamrut 101
206,Mumukshu,18-25,Ahmedabad,2025-05-23,Onboarded → Watched Content → Completed Content → Reflected,Calm,Confused,0.31,3.79,0.2,0.13,1193.0,0.66,2.57,3.16,0.61,0.79,Daily Reflection,3,3,1,0,1,10,0.63,False,False,True,False,94.28,178.6,0.89,,Vachanamrut 101
207,Seeker,18-25,Ahmedabad,2025-02-09,Onboarded → Watched Content → Completed Content → Reflected,Neutral,Confused,0.79,14.32,0.43,0.47,844.4,0.62,0.96,1.29,0.72,0.77,Bhakti Journal,4,0,0,0,2,1,0.26,True,True,True,False,98.22,159.4,0.52,,Jeevan Kya Chhe?
208,Mumukshu,36-45,Delhi,2025-01-09,Onboarded → Watched Content → Completed Content → Reflected → Bookmarked,Anxious,Calm,0.17,7.09,0.38,0.27,1314.0,0.83,2.6,1.34,0.88,0.57,Seva Calendar,1,2,0,0,2,7,0.69,False,True,True,False,82.02,123.3,0.81,,Jeevan Kya Chhe?
209,Mumukshu,46-60,Ahmedabad,2025-04-15,Onboarded,Calm,Uplifted,0.97,1.32,0.47,0.34,1456.3,0.98,2.77,4.26,0.61,0.53,Bhakti Journal,2,1,0,0,0,2,0.31,True,True,True,True,88.48,33.0,0.75,,Jeevan Kya Chhe?
210,Seeker,26-35,Ahmedabad,2025-03-15,Onboarded → Watched Content → Completed Content → Reflected → Bookmarked,Calm,Uplifted,0.51,7.27,0.59,0.39,584.8,0.8,0.75,4.32,0.8,0.82,Seva Calendar,0,0,0,0,2,7,0.25,True,False,True,False,66.05,125.8,0.41,,Bhakti Flow
211,Seeker,18-25,Mumbai,2025-05-29,Onboarded → Watched Content,Anxious,Calm,0.03,2.78,0.24,0.35,1239.7,0.81,2.29,1.78,0.95,0.62,Mindfulness Tracker,5,0,0,1,2,3,0.82,True,True,True,True,85.61,117.7,0.5,Paryushan,Vachanamrut 101
212,Seeker,18-25,Delhi,2025-02-05,Onboarded,Neutral,Uplifted,0.72,4.94,0.18,0.23,1305.3,0.94,2.61,3.03,0.82,0.79,Seva Calendar,3,3,0,1,1,6,0.38,False,True,True,False,92.84,34.3,0.86,,Bhakti Flow
213,Seeker,46-60,Pune,2025-06-26,Onboarded,Anxious,Calm,0.19,1.89,0.27,0.31,1319.9,0.64,1.45,1.24,0.78,0.44,Daily Reflection,0,2,1,1,0,8,0.62,False,False,True,True,73.66,37.2,0.94,,Vachanamrut 101
214,Seeker,36-45,Delhi,2025-04-29,Onboarded → Watched Content → Completed Content → Reflected,Anxious,Uplifted,0.11,14.64,0.6,0.05,1288.8,0.8,2.79,2.89,0.83,0.58,Mindfulness Tracker,0,1,1,0,2,8,0.54,False,True,True,False,95.17,157.0,0.91,,Jeevan Kya Chhe?
215,Seeker,46-60,Mumbai,2025-04-04,Onboarded → Watched Content,Neutral,Confused,0.78,8.26,0.59,0.28,1190.5,0.76,1.15,1.66,0.8,0.65,Bhakti Journal,1,3,0,1,1,4,0.52,False,False,True,True,59.32,76.3,0.51,,Jeevan Kya Chhe?
216,Corporate,26-35,Pune,2025-06-13,Onboarded → Watched Content → Completed Content → Reflected,Anxious,Uplifted,0.51,5.51,0.51,0.43,740.3,0.68,2.77,1.88,0.72,0.58,Seva Calendar,4,1,1,0,0,6,0.67,False,True,True,False,82.36,140.9,0.7,,Bhakti Flow
217,Seeker,46-60,Bangalore,2025-01-18,Onboarded → Watched Content → Completed Content → Reflected,Neutral,Confused,0.5,7.04,0.58,0.29,1337.3,0.61,2.17,1.7,0.92,0.6,Mindfulness Tracker,2,0,1,0,2,3,0.2,True,False,True,False,60.62,152.8,0.66,Paryushan,Jeevan Kya Chhe?
218,Seeker,36-45,Bangalore,2025-01-24,Onboarded → Watched Content → Completed Content → Reflected → Bookmarked,Calm,Calm,0.88,2.09,0.28,0.19,767.0,0.76,1.04,3.49,0.75,0.87,Mindfulness Tracker,1,3,1,1,1,5,0.38,True,False,True,False,52.67,50.0,0.67,,Vachanamrut 101
219,Corporate,36-45,Ahmedabad,2025-01-12,Onboarded → Watched Content,Anxious,Uplifted,0.76,8.74,0.16,0.44,998.9,0.99,2.86,1.67,0.76,0.71,Daily Reflection,5,2,1,1,1,6,0.29,False,True,True,False,69.53,42.1,0.49,,Samaysaar Explained
220,Mumukshu,18-25,Delhi,2025-06-03,Onboarded → Watched Content → Completed Content,Neutral,Confused,0.08,6.05,0.31,0.15,1486.9,0.67,1.1,3.78,0.69,0.49,Seva Calendar,0,0,1,0,2,3,0.36,True,False,True,False,74.54,93.5,0.46,,Bhakti Flow
221,Seeker,26-35,Mumbai,2025-02-10,Onboarded → Watched Content → Completed Content → Reflected,Anxious,Uplifted,0.39,8.89,0.51,0.32,1303.7,0.74,2.02,0.65,0.65,0.74,Bhakti Journal,4,2,1,1,2,3,0.83,True,False,True,False,62.35,98.6,0.39,,Bhakti Flow
222,Mumukshu,36-45,Bangalore,2025-01-22,Onboarded,Anxious,Uplifted,0.28,6.76,0.37,0.18,1038.4,0.62,0.79,2.7,0.8,0.68,Mindfulness Tracker,0,1,1,1,0,10,0.29,False,False,True,False,71.44,18.9,0.52,,Jeevan Kya Chhe?
223,Seeker,18-25,Bangalore,2025-06-04,Onboarded → Watched Content → Completed Content,Anxious,Uplifted,0.74,6.71,0.43,0.13,524.2,0.92,1.63,2.94,0.7,0.3,Mindfulness Tracker,5,2,0,0,2,2,0.81,True,False,True,False,73.0,112.8,0.62,Paryushan,Bhakti Flow
224,Corporate,26-35,Delhi,2025-04-04,Onboarded → Watched Content → Completed Content,Calm,Calm,0.9,11.69,0.13,0.08,620.4,0.61,0.44,0.58,0.81,0.3,Daily Reflection,4,3,0,0,0,8,0.31,False,True,True,False,76.2,16.1,0.39,,Bhakti Flow
225,Mumukshu,46-60,Pune,2025-03-11,Onboarded → Watched Content,Calm,Confused,0.02,4.22,0.13,0.44,1477.0,0.6,2.76,3.89,0.62,0.5,Mindfulness Tracker,4,1,0,1,2,7,0.46,False,False,True,False,74.43,125.6,0.82,Paryushan,Bhakti Flow
226,Mumukshu,46-60,Mumbai,2025-02-17,Onboarded → Watched Content → Completed Content → Reflected → Bookmarked,Neutral,Calm,1.0,8.79,0.16,0.41,1469.4,0.95,2.72,3.64,0.79,0.89,Daily Reflection,2,2,0,0,0,6,0.81,False,True,True,True,98.27,71.6,0.39,,Samaysaar Explained
227,Seeker,46-60,Ahmedabad,2025-04-26,Onboarded,Calm,Calm,0.06,3.65,0.22,0.13,671.9,0.91,1.97,1.66,0.8,0.81,Daily Reflection,5,0,0,0,2,2,0.64,False,False,True,True,81.83,146.8,0.84,Paryushan,Bhakti Flow
228,Mumukshu,18-25,Ahmedabad,2025-06-18,Onboarded → Watched Content → Completed Content → Reflected,Anxious,Uplifted,0.45,10.66,0.26,0.23,1360.0,0.76,1.45,4.57,0.82,0.64,Seva Calendar,3,3,0,1,1,2,0.54,True,False,True,True,88.19,35.6,0.48,,Jeevan Kya Chhe?
229,Seeker,46-60,Ahmedabad,2025-06-17,Onboarded → Watched Content,Neutral,Confused,0.41,4.48,0.53,0.32,790.9,0.88,2.32,2.93,0.78,0.6,Seva Calendar,1,2,0,1,1,6,0.37,False,False,True,False,55.58,19.4,0.3,,Samaysaar Explained
230,Mumukshu,46-60,Mumbai,2025-03-02,Onboarded,Calm,Calm,0.03,1.06,0.55,0.09,1353.5,0.91,2.73,2.35,0.76,0.77,Seva Calendar,0,1,0,1,0,8,0.48,False,False,True,False,55.43,10.9,0.66,Paryushan,Jeevan Kya Chhe?
231,Mumukshu,36-45,Mumbai,2025-03-20,Onboarded → Watched Content → Completed Content → Reflected → Bookmarked,Neutral,Calm,0.11,13.29,0.15,0.24,1455.5,0.6,0.29,0.52,0.69,0.79,Mindfulness Tracker,2,1,1,1,1,9,0.8,False,True,True,True,51.0,158.7,0.42,,Vachanamrut 101
232,Mumukshu,18-25,Mumbai,2025-04-13,Onboarded → Watched Content → Completed Content → Reflected,Neutral,Uplifted,0.27,5.87,0.18,0.36,506.3,0.88,0.37,4.02,0.96,0.56,Mindfulness Tracker,0,0,0,0,2,5,0.67,False,False,True,False,89.75,59.2,0.61,,Jeevan Kya Chhe?
233,Corporate,36-45,Pune,2025-04-05,Onboarded → Watched Content → Completed Content,Neutral,Calm,0.11,7.24,0.35,0.19,648.7,0.87,2.23,3.28,0.83,0.5,Seva Calendar,0,2,0,1,1,10,0.72,False,False,True,False,83.05,173.4,0.96,,Vachanamrut 101
234,Corporate,26-35,Delhi,2025-02-22,Onboarded,Neutral,Calm,0.11,4.88,0.55,0.2,903.8,0.95,1.2,4.42,0.88,0.41,Mindfulness Tracker,2,1,1,1,1,1,0.29,False,False,True,True,51.1,85.6,0.56,,Jeevan Kya Chhe?
235,Seeker,26-35,Pune,2025-04-22,Onboarded → Watched Content → Completed Content → Reflected → Bookmarked,Calm,Uplifted,0.93,5.0,0.39,0.29,613.5,0.73,0.05,3.47,0.82,0.56,Bhakti Journal,5,1,1,0,0,2,0.27,True,True,True,True,61.69,85.2,1.0,,Vachanamrut 101
236,Mumukshu,18-25,Mumbai,2025-06-18,Onboarded → Watched Content → Completed Content → Reflected,Anxious,Confused,0.07,6.41,0.37,0.4,616.6,0.78,1.91,1.95,0.79,0.32,Daily Reflection,3,1,1,1,2,2,0.36,False,True,True,False,98.62,133.2,0.78,,Bhakti Flow
237,Mumukshu,18-25,Ahmedabad,2025-02-11,Onboarded → Watched Content → Completed Content → Reflected → Bookmarked,Neutral,Uplifted,0.26,6.38,0.24,0.28,1001.6,0.94,1.21,4.33,0.96,0.69,Daily Reflection,1,0,0,0,1,10,0.47,False,False,True,False,88.03,38.0,0.66,,Jeevan Kya Chhe?
238,Corporate,36-45,Pune,2025-06-08,Onboarded → Watched Content → Completed Content → Reflected → Bookmarked,Anxious,Uplifted,0.63,14.93,0.35,0.13,1362.6,0.96,1.02,0.7,0.91,0.85,Bhakti Journal,1,0,1,0,0,5,0.45,False,True,True,True,83.94,31.3,0.52,,Vachanamrut 101
239,Seeker,36-45,Mumbai,2025-04-02,Onboarded → Watched Content → Completed Content → Reflected → Bookmarked,Neutral,Uplifted,0.9,2.55,0.13,0.2,1467.3,0.7,1.39,2.29,0.92,0.78,Seva Calendar,3,3,1,1,0,9,0.27,False,True,True,False,78.6,152.4,0.71,,Vachanamrut 101
240,Mumukshu,18-25,Bangalore,2025-03-04,Onboarded → Watched Content → Completed Content → Reflected → Bookmarked,Calm,Uplifted,0.52,9.71,0.53,0.18,862.4,0.78,2.13,2.96,0.65,0.56,Daily Reflection,2,3,0,1,0,10,0.49,True,False,True,False,97.28,129.1,0.84,,Samaysaar Explained
241,Corporate,26-35,Pune,2025-05-19,Onboarded → Watched Content → Completed Content → Reflected → Bookmarked,Calm,Uplifted,0.57,14.81,0.27,0.21,892.9,0.63,1.62,2.78,0.67,0.94,Daily Reflection,1,0,1,0,2,3,0.61,False,False,True,False,54.78,24.1,0.82,,Bhakti Flow
242,Mumukshu,46-60,Bangalore,2025-06-21,Onboarded,Calm,Calm,0.47,9.07,0.23,0.2,1280.1,0.68,1.79,3.28,0.61,0.32,Seva Calendar,2,0,0,0,2,8,0.38,False,False,True,True,58.61,76.7,0.87,,Bhakti Flow
243,Seeker,36-45,Pune,2025-04-12,Onboarded → Watched Content → Completed Content → Reflected → Bookmarked,Neutral,Calm,0.8,3.39,0.17,0.23,956.6,0.7,1.36,0.57,0.99,0.48,Bhakti Journal,3,3,0,0,2,8,0.41,False,True,True,True,57.34,154.2,0.86,Paryushan,Bhakti Flow
244,Mumukshu,26-35,Delhi,2025-03-14,Onboarded → Watched Content → Completed Content,Calm,Calm,0.94,8.34,0.25,0.48,1257.7,0.97,0.07,4.18,0.63,0.75,Bhakti Journal,3,0,1,0,0,8,0.32,False,True,True,False,89.9,33.3,0.35,Paryushan,Bhakti Flow
245,Corporate,46-60,Delhi,2025-04-10,Onboarded → Watched Content → Completed Content → Reflected,Anxious,Calm,0.22,5.34,0.57,0.39,1346.8,0.84,2.55,1.97,0.96,0.65,Seva Calendar,4,1,1,1,0,1,0.78,False,True,True,True,57.85,14.5,0.6,,Vachanamrut 101
246,Corporate,46-60,Pune,2025-03-22,Onboarded → Watched Content → Completed Content → Reflected → Bookmarked,Anxious,Confused,0.56,6.63,0.16,0.06,1247.8,0.72,2.43,0.65,0.72,0.46,Bhakti Journal,0,2,1,1,2,6,0.88,True,True,True,False,85.46,40.4,0.34,,Jeevan Kya Chhe?
247,Corporate,26-35,Bangalore,2025-02-10,Onboarded → Watched Content → Completed Content → Reflected,Calm,Confused,0.97,5.57,0.35,0.47,1022.3,0.62,2.23,1.7,0.6,0.74,Mindfulness Tracker,2,0,1,1,0,4,0.63,True,False,True,False,95.06,23.6,0.33,Paryushan,Samaysaar Explained
248,Seeker,46-60,Bangalore,2025-05-31,Onboarded,Neutral,Uplifted,0.88,3.38,0.57,0.09,1291.7,0.73,0.42,1.63,0.79,0.34,Daily Reflection,5,0,0,0,0,7,0.43,True,True,True,True,84.67,134.6,0.64,Paryushan,Bhakti Flow
249,Mumukshu,36-45,Mumbai,2025-01-13,Onboarded → Watched Content,Calm,Calm,0.23,2.36,0.24,0.08,731.0,0.81,2.0,1.9,0.93,0.53,Daily Reflection,3,0,0,1,2,3,0.54,True,True,True,True,94.56,166.2,0.84,,Vachanamrut 101
250,Corporate,46-60,Ahmedabad,2025-05-21,Onboarded → Watched Content → Completed Content → Reflected → Bookmarked,Anxious,Calm,0.07,3.9,0.33,0.35,722.9,0.72,0.96,0.92,0.7,0.47,Bhakti Journal,5,3,1,0,0,2,0.34,True,False,True,False,99.19,95.3,0.74,,Jeevan Kya Chhe?
251,Corporate,26-35,Mumbai,2025-03-08,Onboarded,Calm,Uplifted,0.89,12.97,0.39,0.28,546.5,0.89,2.93,2.44,0.75,0.9,Mindfulness Tracker,1,1,1,0,0,10,0.72,True,True,True,False,85.5,131.1,0.61,,Samaysaar Explained
252,Corporate,46-60,Bangalore,2025-03-26,Onboarded → Watched Content → Completed Content → Reflected → Bookmarked,Neutral,Confused,0.51,12.27,0.21,0.18,1495.7,0.84,0.34,0.78,0.63,0.51,Bhakti Journal,1,3,0,0,1,1,0.56,True,True,True,False,98.99,178.3,0.64,,Bhakti Flow
253,Seeker,46-60,Delhi,2025-04-26,Onboarded → Watched Content → Completed Content,Anxious,Confused,0.68,7.2,0.28,0.32,1386.7,0.66,0.49,4.71,0.83,0.34,Daily Reflection,5,0,1,0,1,1,0.3,True,False,True,False,96.05,97.1,0.44,,Vachanamrut 101
254,Mumukshu,26-35,Ahmedabad,2025-01-23,Onboarded → Watched Content → Completed Content,Calm,Confused,0.37,14.26,0.33,0.17,966.1,0.92,0.09,4.78,0.95,0.91,Mindfulness Tracker,0,2,0,1,1,5,0.45,True,False,True,False,74.51,126.3,0.43,,Jeevan Kya Chhe?
255,Seeker,36-45,Ahmedabad,2025-06-29,Onboarded,Anxious,Confused,0.75,14.96,0.32,0.31,867.0,0.7,2.67,2.28,0.78,0.83,Mindfulness Tracker,0,1,0,0,0,3,0.25,False,True,True,False,62.1,21.6,0.99,,Vachanamrut 101
256,Corporate,18-25,Bangalore,2025-01-06,Onboarded → Watched Content → Completed Content,Neutral,Uplifted,0.73,6.48,0.23,0.28,589.9,0.81,2.14,1.6,0.96,0.84,Mindfulness Tracker,2,0,0,1,2,7,0.76,True,False,True,False,95.68,9.0,0.5,,Bhakti Flow
257,Mumukshu,26-35,Bangalore,2025-04-11,Onboarded → Watched Content → Completed Content → Reflected,Neutral,Confused,0.36,14.98,0.25,0.24,990.1,0.82,1.07,3.14,0.68,0.79,Bhakti Journal,5,2,1,0,1,8,0.87,True,False,True,True,77.55,99.4,0.93,,Jeevan Kya Chhe?
258,Seeker,36-45,Pune,2025-06-24,Onboarded → Watched Content → Completed Content → Reflected,Neutral,Uplifted,0.5,5.03,0.31,0.48,990.5,0.92,2.93,4.31,0.81,0.42,Daily Reflection,1,3,1,0,2,1,0.28,True,True,True,False,63.05,101.7,0.7,Paryushan,Bhakti Flow
259,Mumukshu,18-25,Pune,2025-06-06,Onboarded → Watched Content → Completed Content,Anxious,Calm,0.38,10.37,0.34,0.32,1392.0,0.98,1.67,1.41,0.85,0.38,Mindfulness Tracker,5,3,0,0,1,6,0.43,False,True,True,True,56.37,33.5,0.89,Paryushan,Bhakti Flow
260,Corporate,26-35,Bangalore,2025-01-01,Onboarded → Watched Content,Neutral,Uplifted,0.5,4.9,0.57,0.19,819.7,0.76,0.36,2.7,0.72,0.86,Daily Reflection,5,0,0,1,1,6,0.7,True,False,True,False,71.38,42.8,0.64,,Vachanamrut 101
261,Seeker,46-60,Delhi,2025-06-04,Onboarded → Watched Content → Completed Content,Anxious,Confused,0.25,4.87,0.44,0.4,1258.9,0.82,0.67,4.01,0.75,0.62,Mindfulness Tracker,1,0,0,0,2,6,0.36,True,False,True,False,66.74,165.4,0.63,Paryushan,Bhakti Flow
262,Corporate,26-35,Delhi,2025-01-05,Onboarded,Anxious,Calm,0.92,13.72,0.1,0.25,670.0,0.67,2.1,2.69,0.78,0.79,Bhakti Journal,0,1,0,0,0,1,0.59,False,False,True,False,79.79,73.3,0.97,,Jeevan Kya Chhe?
263,Corporate,18-25,Bangalore,2025-01-29,Onboarded → Watched Content → Completed Content,Anxious,Calm,0.16,4.96,0.18,0.36,1322.2,0.97,0.57,1.47,0.96,0.33,Seva Calendar,5,3,1,1,1,8,0.38,False,False,True,False,85.43,86.9,0.49,,Jeevan Kya Chhe?
264,Seeker,26-35,Ahmedabad,2025-05-15,Onboarded → Watched Content → Completed Content → Reflected,Calm,Calm,0.31,12.24,0.44,0.41,1051.9,0.8,0.01,0.6,0.68,0.51,Daily Reflection,5,3,0,1,2,10,0.37,True,False,True,False,90.25,41.3,0.46,,Bhakti Flow
265,Corporate,26-35,Mumbai,2025-04-26,Onboarded → Watched Content → Completed Content,Calm,Uplifted,0.63,4.67,0.5,0.45,1092.0,0.67,2.75,1.25,0.84,0.51,Seva Calendar,4,3,1,1,1,2,0.69,False,True,True,True,70.06,27.9,0.34,,Jeevan Kya Chhe?
266,Corporate,36-45,Delhi,2025-05-02,Onboarded → Watched Content → Completed Content,Neutral,Calm,0.9,9.82,0.2,0.47,1468.1,0.91,2.07,2.44,0.97,0.32,Bhakti Journal,2,0,0,1,1,5,0.53,False,False,True,True,60.49,80.3,0.51,Paryushan,Jeevan Kya Chhe?
267,Mumukshu,36-45,Pune,2025-05-05,Onboarded → Watched Content,Calm,Confused,0.14,12.07,0.22,0.31,537.8,0.75,0.62,2.16,0.92,0.43,Seva Calendar,2,3,1,0,0,2,0.55,False,True,True,True,67.13,163.4,0.88,,Vachanamrut 101
268,Seeker,36-45,Delhi,2025-01-03,Onboarded → Watched Content → Completed Content → Reflected → Bookmarked,Neutral,Confused,0.66,12.75,0.59,0.1,1245.4,0.83,1.29,0.98,0.85,0.78,Bhakti Journal,1,3,0,1,1,1,0.49,False,False,True,True,77.36,147.0,0.54,,Jeevan Kya Chhe?
269,Seeker,18-25,Bangalore,2025-06-11,Onboarded → Watched Content → Completed Content → Reflected,Calm,Uplifted,0.37,5.53,0.16,0.42,1113.5,0.65,2.39,1.98,0.88,0.83,Seva Calendar,0,1,0,0,2,4,0.21,False,True,True,False,77.19,175.2,0.94,,Jeevan Kya Chhe?
270,Corporate,46-60,Delhi,2025-01-29,Onboarded → Watched Content,Calm,Uplifted,0.67,1.55,0.46,0.25,1487.2,0.81,0.22,2.01,1.0,0.72,Mindfulness Tracker,3,2,0,0,2,8,0.89,True,False,True,False,96.59,45.2,0.95,,Jeevan Kya Chhe?
271,Mumukshu,36-45,Ahmedabad,2025-05-24,Onboarded → Watched Content,Neutral,Calm,0.01,11.19,0.42,0.26,704.9,0.62,1.91,2.31,0.75,0.89,Seva Calendar,0,3,1,0,0,7,0.21,True,True,True,False,90.76,148.5,0.5,,Bhakti Flow
272,Mumukshu,26-35,Pune,2025-05-28,Onboarded → Watched Content → Completed Content → Reflected,Anxious,Uplifted,0.95,10.15,0.16,0.3,743.1,0.64,0.12,4.56,0.79,0.4,Seva Calendar,5,3,0,0,1,10,0.29,True,False,True,False,72.71,150.5,0.52,,Samaysaar Explained
273,Seeker,46-60,Mumbai,2025-01-04,Onboarded,Anxious,Calm,0.81,13.37,0.4,0.3,1350.3,0.85,1.59,0.53,0.82,0.35,Seva Calendar,5,3,1,1,1,2,0.32,True,True,True,False,82.1,90.7,0.32,Paryushan,Bhakti Flow
274,Seeker,36-45,Pune,2025-04-11,Onboarded → Watched Content → Completed Content → Reflected → Bookmarked,Neutral,Calm,0.78,12.49,0.54,0.15,595.7,0.83,1.61,0.69,0.73,0.33,Bhakti Journal,0,0,1,1,0,6,0.87,True,False,True,False,74.2,31.8,0.73,Paryushan,Samaysaar Explained
275,Seeker,26-35,Ahmedabad,2025-03-28,Onboarded,Neutral,Confused,0.79,12.24,0.15,0.5,847.1,0.71,1.25,2.13,0.81,0.51,Mindfulness Tracker,4,0,0,0,1,5,0.54,False,False,True,True,97.55,173.6,0.95,,Jeevan Kya Chhe?
276,Seeker,18-25,Delhi,2025-02-06,Onboarded → Watched Content → Completed Content,Anxious,Calm,0.86,14.62,0.24,0.3,805.0,0.67,2.47,3.9,0.93,0.57,Seva Calendar,5,1,0,0,0,1,0.43,False,True,True,False,86.11,26.4,0.47,,Samaysaar Explained
277,Corporate,46-60,Ahmedabad,2025-06-14,Onboarded → Watched Content → Completed Content,Calm,Uplifted,0.4,3.7,0.54,0.39,1126.2,0.68,2.64,2.89,0.75,0.47,Daily Reflection,4,3,1,0,1,6,0.56,True,False,True,False,68.3,169.1,0.84,,Bhakti Flow
278,Corporate,36-45,Pune,2025-03-11,Onboarded → Watched Content → Completed Content,Calm,Confused,0.86,14.22,0.13,0.42,646.8,0.93,0.94,2.79,0.62,0.78,Bhakti Journal,5,2,1,1,0,5,0.53,False,True,True,False,71.45,7.8,0.35,,Jeevan Kya Chhe?
279,Corporate,36-45,Ahmedabad,2025-06-18,Onboarded → Watched Content,Anxious,Calm,0.19,11.97,0.31,0.2,806.8,0.7,2.24,2.87,0.62,0.52,Bhakti Journal,2,2,1,1,1,4,0.64,False,False,True,True,70.79,62.0,0.91,,Bhakti Flow
280,Corporate,26-35,Pune,2025-03-14,Onboarded → Watched Content,Anxious,Uplifted,0.6,8.14,0.18,0.3,597.7,0.7,2.28,4.87,0.65,0.86,Seva Calendar,3,2,1,0,1,8,0.78,False,True,True,True,86.09,92.2,0.42,Paryushan,Vachanamrut 101
281,Corporate,26-35,Bangalore,2025-04-20,Onboarded → Watched Content → Completed Content → Reflected → Bookmarked,Anxious,Confused,0.06,2.08,0.5,0.5,1140.8,0.71,0.52,1.75,0.93,0.89,Mindfulness Tracker,1,2,0,1,1,3,0.29,False,False,True,True,89.39,148.4,0.51,Paryushan,Bhakti Flow
282,Mumukshu,26-35,Ahmedabad,2025-06-03,Onboarded → Watched Content → Completed Content → Reflected → Bookmarked,Anxious,Confused,0.98,5.46,0.44,0.27,1143.3,0.65,1.72,0.89,0.78,0.44,Mindfulness Tracker,2,2,0,1,2,2,0.35,True,True,True,True,56.35,70.5,0.52,,Vachanamrut 101
283,Mumukshu,18-25,Delhi,2025-05-05,Onboarded,Neutral,Calm,0.72,7.68,0.21,0.1,1257.6,0.97,0.14,1.22,0.7,0.85,Daily Reflection,1,1,1,0,0,4,0.56,False,False,True,False,93.11,60.3,0.48,,Vachanamrut 101
284,Seeker,26-35,Ahmedabad,2025-06-02,Onboarded → Watched Content → Completed Content,Neutral,Uplifted,0.12,7.15,0.22,0.37,598.8,0.7,2.09,3.97,0.61,0.64,Seva Calendar,3,2,1,1,1,7,0.43,True,False,True,False,70.3,124.6,0.82,Paryushan,Vachanamrut 101
285,Mumukshu,26-35,Bangalore,2025-05-07,Onboarded → Watched Content → Completed Content → Reflected,Anxious,Uplifted,0.59,3.97,0.56,0.11,936.5,0.7,1.85,3.43,0.73,0.78,Bhakti Journal,0,2,0,1,0,1,0.7,True,False,True,True,55.99,51.0,0.38,Paryushan,Bhakti Flow
286,Mumukshu,26-35,Mumbai,2025-05-28,Onboarded → Watched Content → Completed Content,Neutral,Calm,0.09,14.69,0.19,0.41,782.7,0.73,2.98,3.12,0.87,0.76,Bhakti Journal,1,1,0,1,1,2,0.21,False,False,True,False,57.34,152.0,0.63,,Vachanamrut 101
287,Seeker,18-25,Delhi,2025-06-24,Onboarded → Watched Content → Completed Content → Reflected → Bookmarked,Calm,Uplifted,0.6,12.92,0.4,0.2,947.3,0.98,2.71,1.09,0.68,0.44,Seva Calendar,0,1,0,0,2,7,0.89,True,True,True,True,91.92,157.8,0.76,Paryushan,Vachanamrut 101
288,Seeker,26-35,Ahmedabad,2025-04-03,Onboarded → Watched Content → Completed Content → Reflected,Anxious,Uplifted,0.77,3.34,0.17,0.25,901.5,0.63,2.61,3.38,0.9,0.71,Bhakti Journal,1,2,1,1,2,4,0.42,False,False,True,False,68.23,81.0,0.77,,Samaysaar Explained
289,Corporate,26-35,Mumbai,2025-06-29,Onboarded → Watched Content → Completed Content → Reflected → Bookmarked,Neutral,Uplifted,0.63,7.22,0.36,0.28,1380.9,0.68,2.61,1.23,0.87,0.83,Mindfulness Tracker,0,3,1,1,0,1,0.32,True,True,True,False,97.53,34.7,0.67,,Bhakti Flow
290,Mumukshu,26-35,Bangalore,2025-06-22,Onboarded → Watched Content,Anxious,Uplifted,0.03,2.04,0.52,0.4,1499.2,0.84,2.77,2.75,0.91,0.5,Bhakti Journal,0,1,1,1,0,10,0.28,True,True,True,True,58.03,76.3,0.34,,Bhakti Flow
291,Corporate,18-25,Mumbai,2025-05-07,Onboarded → Watched Content → Completed Content → Reflected → Bookmarked,Anxious,Confused,0.5,11.63,0.54,0.41,949.7,0.81,1.68,1.18,0.85,0.81,Seva Calendar,1,3,1,1,1,8,0.21,True,True,True,True,99.8,30.0,0.51,,Bhakti Flow
292,Mumukshu,36-45,Bangalore,2025-03-18,Onboarded → Watched Content → Completed Content → Reflected,Anxious,Calm,0.29,2.85,0.1,0.42,936.3,0.87,0.73,2.36,1.0,0.65,Daily Reflection,5,2,0,0,0,8,0.52,True,False,True,False,91.0,15.2,0.69,,Vachanamrut 101
293,Corporate,18-25,Pune,2025-04-30,Onboarded,Neutral,Uplifted,0.3,1.15,0.22,0.37,813.5,0.87,2.4,1.92,0.61,0.73,Mindfulness Tracker,1,1,0,1,1,7,0.78,True,True,True,True,74.69,15.8,0.82,,Bhakti Flow
294,Seeker,46-60,Bangalore,2025-03-04,Onboarded → Watched Content,Neutral,Uplifted,0.57,5.39,0.54,0.23,1146.5,0.66,0.6,1.5,0.98,0.76,Daily Reflection,1,0,1,1,2,10,0.46,True,True,True,False,65.08,160.5,0.61,,Vachanamrut 101
295,Mumukshu,26-35,Mumbai,2025-01-04,Onboarded,Neutral,Uplifted,0.12,9.43,0.32,0.22,964.3,0.65,1.72,2.43,0.82,0.4,Mindfulness Tracker,3,1,0,0,1,3,0.61,False,False,True,False,91.69,11.6,0.52,,Bhakti Flow
296,Seeker,26-35,Delhi,2025-03-15,Onboarded → Watched Content → Completed Content → Reflected,Calm,Uplifted,0.67,12.85,0.41,0.21,1329.6,0.72,1.43,4.27,0.69,0.54,Seva Calendar,5,1,0,1,0,6,0.43,True,True,True,False,80.46,37.9,0.92,,Jeevan Kya Chhe?
297,Corporate,46-60,Ahmedabad,2025-05-20,Onboarded,Calm,Confused,0.07,4.24,0.44,0.5,556.1,0.92,0.66,0.65,0.85,0.74,Mindfulness Tracker,2,2,0,1,1,2,0.72,False,True,True,False,52.54,98.8,0.67,Paryushan,Jeevan Kya Chhe?
298,Seeker,46-60,Pune,2025-05-08,Onboarded → Watched Content,Neutral,Calm,0.28,6.21,0.33,0.14,1126.6,0.77,0.07,1.74,0.76,0.43,Seva Calendar,3,0,1,0,1,7,0.8,False,False,True,False,80.64,110.0,0.37,,Jeevan Kya Chhe?
299,Corporate,36-45,Pune,2025-01-07,Onboarded,Anxious,Uplifted,0.52,8.94,0.5,0.3,1041.7,0.61,2.66,4.73,0.96,0.45,Mindfulness Tracker,0,1,1,0,2,5,0.66,False,True,True,True,76.91,170.0,0.47,Paryushan,Samaysaar Explained
300,Seeker,46-60,Bangalore,2025-06-16,Onboarded → Watched Content → Completed Content → Reflected → Bookmarked,Calm,Confused,0.62,12.57,0.23,0.12,736.1,0.97,0.36,0.88,0.83,0.57,Daily Reflection,3,2,0,0,1,3,0.26,False,True,True,True,79.88,133.2,0.75,,Jeevan Kya Chhe?
